select * from Countries
insert into Countries (Id, Name, Population, AverageWage) values
(1,'Croatia',3400000,2000),
(2,'Germany',86000000,2500),
(3,'Hungary',6400000,2100),
(4,'USA',345000000,3000),
(5, 'Canada', 96695078, 1166),
(6, 'China', 95354387, 3365),
(7, 'Egypt', 17733699, 2975),
(8, 'France', 26546102, 1251),
(9, 'Germany', 69761282, 2388),
(10, 'India', 96906860, 3001),
(11, 'Indonesia', 58498138, 2496),
(12, 'Italy', 59187459, 1859),
(13, 'Japan', 99380739, 1630),
(14, 'Kenya', 84201214, 2285),
(15, 'Mexico', 45922023, 3071),
(16, 'Nigeria', 48739483, 1631),
(17, 'Pakistan', 97060428, 1455),
(18, 'Peru', 26238618, 1255),
(19, 'Russia', 72063436, 1377),
(20, 'Saudi Arabia', 4230219, 1011),
(21, 'South Africa', 2220111, 2096),
(22, 'South Korea', 65050421, 1601),
(23, 'Spain', 83770104, 2232),
(24, 'Sweden', 20136619, 1916),
(25, 'Turkey', 38986947, 3494),
(26, 'Ukraine', 46190330, 1314),
(27, 'United Kingdom', 29149162, 2548),
(28, 'United States', 23953406, 2220),
(29, 'Venezuela', 13983952, 2993),
(30, 'Vietnam', 48643405, 2591),
(31, 'Yemen', 64734619, 2741),
(32, 'Bangladesh', 4651321, 1745),
(33, 'Belgium', 37041340, 2434),
(34, 'Chile', 83376941, 1594),
(35, 'Colombia', 16818180, 3390),
(36, 'Cuba', 69664775, 1894),
(37, 'Denmark', 35380377, 1472),
(38, 'Ecuador', 28732330, 1499),
(39, 'Finland', 33807804, 2242),
(40, 'Greece', 58705411, 2293),
(41, 'Hungary', 73179739, 1151),
(42, 'Iran', 21153499, 1195),
(43, 'Iraq', 14087980, 2737),
(44, 'Ireland', 49009108, 1725),
(45, 'Israel', 60140047, 1559),
(46, 'Jordan', 14740862, 3127),
(47, 'Kuwait', 38121683, 2213),
(48, 'Malaysia', 85194240, 2350),
(49, 'Morocco', 42705316, 2448),
(50, 'Norway', 36950658, 2599)


insert into Authors (Id, Name, Surename, Gender, BirthDate, Country, Alive) values
(1,'Ivan','Gundulić','M',timestamp '1488/1/1',1, False),
(2,'Johan Wolfgang', 'Goethe','M',timestamp '1689/1/1',2, False),
(3,'Georgy', 'Išpan','M',timestamp '1800/1/1',3, False),
(4,'Nemo', 'Ramjet','M',timestamp '1987/11/12',4, True),
(5, 'Minny', 'Hambleton', 'O', '7/5/1900', 8, false),
(6, 'Addison', 'Curnokk', 'O', '8/4/1973', 15, true),
(7, 'Wit', 'Valente', 'M', '10/31/1975', 9, true),
(8, 'Henryetta', 'Mozzini', 'O', '12/17/1949', 48, false),
(9, 'Bevvy', 'Themann', 'F', '10/17/1950', 27, false),
(10, 'Augustine', 'Enevold', 'M', '8/2/1962', 38, false),
(11, 'Jillane', 'Curd', 'O', '4/22/2000', 19, false),
(12, 'Adrian', 'Kislingbury', 'M', '10/16/1992', 45, false),
(13, 'Hobie', 'Houdhury', 'O', '2/1/1912', 26, false),
(14, 'Kelcey', 'Rawdales', 'O', '10/6/1982', 42, false),
(15, 'Windham', 'Trigg', 'F', '11/24/1951', 36, false),
(16, 'Beatriz', 'Cicculini', 'O', '7/24/1962', 43, false),
(17, 'Jervis', 'Tremble', 'F', '3/26/1920', 26, true),
(18, 'Rouvin', 'McCree', 'F', '2/15/1945', 5, true),
(19, 'Vale', 'Butter', 'F', '2/20/1929', 49, false),
(20, 'Cynthie', 'Shellibeer', 'F', '4/7/1938', 31, false),
(21, 'Dalenna', 'Carrol', 'F', '12/9/2016', 21, false),
(22, 'Lauralee', 'Pook', 'O', '7/22/1901', 44, false),
(23, 'Augusto', 'Snashall', 'O', '12/21/2010', 7, true),
(24, 'Eugine', 'Wilks', 'M', '10/11/1927', 11, true),
(25, 'Allan', 'Abramski', 'F', '6/25/1955', 25, false),
(26, 'Mareah', 'Sobtka', 'F', '11/12/1985', 22, true),
(27, 'Barnebas', 'Durker', 'M', '7/30/1995', 24, true),
(28, 'Tuckie', 'Triplet', 'O', '7/29/1966', 50, false),
(29, 'Terry', 'Reuven', 'O', '10/17/1907', 22, false),
(30, 'Rafaellle', 'Freddi', 'F', '1/29/1931', 22, false),
(31, 'Waite', 'Ashpole', 'O', '3/14/1955', 1, true),
(32, 'Mathian', 'MacRory', 'O', '5/26/2006', 20, false),
(33, 'Harriet', 'Haldane', 'F', '11/18/1973', 41, false),
(34, 'Amalee', 'Eccleshall', 'M', '5/24/1991', 7, true),
(35, 'Joline', 'Assante', null, '2/16/1993', 45, true),
(36, 'Sarajane', 'Heigho', 'O', '9/8/1998', 37, false),
(37, 'Beth', 'Garrard', 'F', '11/24/1954', 18, true),
(38, 'Murry', 'Phizakarley', 'M', '7/8/2007', 37, true),
(39, 'Leda', 'Crolly', 'F', '2/28/1931', 34, false),
(40, 'Riva', 'Soame', 'O', '2/9/1911', 43, true),
(41, 'Rebecca', 'Di Dello', 'F', '10/6/1920', 26, true),
(42, 'Celia', 'Easterby', 'O', '12/19/1981', 25, true),
(43, 'Byran', 'Colt', 'O', '4/30/1962', 13, false),
(44, 'Brande', 'Qualtro', 'O', '2/16/2008', 30, true),
(45, 'Galven', 'Bushnell', 'F', '6/30/2021', 47, false),
(46, 'Dotti', 'Brookson', 'F', '5/3/1913', 36, false),
(47, 'Smith', 'Roskrug', 'M', '10/22/2000', 42, false),
(48, 'Lidia', 'Colleford', 'O', '8/10/2005', 24, false),
(49, 'Bettina', 'Alliban', 'F', '4/20/1971', 43, false),
(50, 'Monah', 'Cud', 'F', '3/16/1920', 26, false),
(51, 'Amity', 'Pruce', 'M', '7/26/1972', 3, true),
(52, 'Gavin', 'Pulsford', 'F', '1/12/1938', 43, false),
(53, 'Felice', 'Maykin', 'O', '4/3/1944', 34, true),
(54, 'Avivah', 'Suscens', 'F', '11/30/2008', 25, true),
(55, 'Cassandry', 'Pickerill', 'O', '11/27/1945', 8, false),
(56, 'Shelba', 'Van''t Hoff', 'O', '11/20/1943', 13, false),
(57, 'Quill', 'Gerriet', 'F', '5/25/1943', 6, true),
(58, 'Nicolai', 'Ginnaly', 'M', '7/22/1975', 6, true),
(59, 'Valry', 'Crauford', 'F', '11/2/1931', 33, false),
(60, 'Em', 'Gladwin', 'F', '4/19/1981', 30, true),
(61, 'Lorrayne', 'Elsmore', 'M', '1/9/1942', 35, true),
(62, 'Haily', 'Di Angelo', 'M', '8/9/1937', 7, true),
(63, 'Amandy', 'Tiddy', 'F', '9/16/1983', 18, true),
(64, 'Ario', 'Adamides', 'F', '2/5/1928', 28, true),
(65, 'Jemie', 'Sall', 'F', '8/5/1959', 39, false),
(66, 'Darline', 'Vasyutin', 'F', '2/17/1971', 23, false),
(67, 'Viola', 'Neve', 'O', '5/27/1970', 2, false),
(68, 'Reeta', 'Brotherhed', 'M', '12/11/1919', 19, false),
(69, 'Bertrand', 'Drover', 'F', '9/23/1974', 31, false),
(70, 'Dylan', 'Becerro', 'O', '8/20/1990', 27, false),
(71, 'Perceval', 'Seel', 'F', '10/18/1932', 49, true),
(72, 'Fredi', 'Vizor', 'F', '9/13/1957', 28, false),
(73, 'Idelle', 'Derwin', 'F', '2/27/2021', 22, true),
(74, 'Annabella', 'Ripley', 'F', '7/31/1920', 16, true),
(75, 'Timmi', 'Tutill', 'M', '9/28/1997', 24, true),
(76, 'Myrwyn', 'Garretson', 'O', '6/5/1910', 6, true),
(77, 'Clovis', 'Grogan', 'O', '7/5/1986', 25, false),
(78, 'Myrwyn', 'Ingold', 'F', '12/16/1953', 4, true),
(79, 'Dewie', 'Mascall', 'F', '6/2/1973', 41, true),
(80, 'Cornall', 'McCard', 'F', '8/15/1987', 36, false),
(81, 'Fax', 'Jakaway', 'M', '4/5/1969', 31, false),
(82, 'Gizela', 'Cordeux', 'O', '8/13/1972', 27, false),
(83, 'Nanci', 'Burborough', null, '1/9/1952', 41, false),
(84, 'Chariot', 'Rougier', 'O', '3/31/1945', 41, false),
(85, 'Rhodia', 'Jansik', 'F', '3/5/1931', 44, false),
(86, 'Dierdre', 'Hucks', 'O', '5/13/1997', 25, false),
(87, 'Nolie', 'Delcastel', 'F', '10/5/1943', 36, false),
(88, 'Frannie', 'Coom', 'M', '6/12/1998', 11, false),
(89, 'Micky', 'Goard', 'F', '9/20/1936', 16, false),
(90, 'Lela', 'Brocking', 'O', '6/17/1979', 48, false),
(91, 'Stephi', 'Leuchars', 'F', '8/16/2012', 17, true),
(92, 'Kelli', 'Prandin', 'M', '7/2/1921', 47, true),
(93, 'Harlen', 'Musicka', 'F', '5/4/1935', 34, true),
(94, 'Rodolfo', 'Tommasuzzi', 'M', '3/22/1989', 24, true),
(95, 'Faith', 'Crick', 'F', '10/5/1973', 23, false),
(96, 'Verge', 'Embra', 'F', '6/13/1949', 30, true),
(97, 'Edie', 'Akram', 'M', '6/17/1964', 13, true),
(98, 'Celeste', 'Meagher', 'M', '4/21/1990', 4, false),
(99, 'Berti', 'Chark', 'F', '2/20/1912', 19, false),
(100, 'Ragnar', 'Hurn', null, '12/13/2006', 50, false)

insert into Libraries (Id, Name, OpenTime, CloseTime) values
(1, 'GKMM', time '08:00:00', time '20:00:00'),
(2, 'Knjižnica Pokemona', time '08:00:00', time '14:00:00'),
(3, 'Knjižnica podstrana', time '08:00:00', time '18:00:00'),
(4, 'Knjižnica Zagreb', time '09:00:00', time '18:30:00'),
(5, 'New York Public Library', '5:45 AM', '10:41 PM'),
(6, 'USA', '3:16 AM', '10:42 PM'),
(7, 'National Library of China', '4:34 AM', '6:36 PM'),
(8, 'China', '3:19 AM', '9:23 PM'),
(9, 'Russian State Library', '1:45 AM', '6:27 PM'),
(10, 'Russia', '5:47 AM', '11:15 PM'),
(11, 'Bibliothèque nationale de France', '5:42 AM', '10:42 PM'),
(12, 'France', '12:11 AM', '10:11 PM'),
(13, 'National Diet Library', '4:00 AM', '6:00 PM'),
(14, 'Japan', '2:44 AM', '10:02 PM'),
(15, 'Library and Archives Canada', '1:41 AM', '6:26 PM'),
(16, 'Canada', '5:46 AM', '9:22 PM'),
(17, 'Berlin State Library', '5:18 AM', '6:37 PM'),
(18, 'Germany', '1:17 AM', '11:10 PM'),
(19, 'State Public Scientific', '5:17 AM', '10:57 PM'),
(20, 'Russia', '5:58 AM', '9:44 PM'),
(21, 'Boston Public Library', '5:31 AM', '8:28 PM'),
(22, 'USA', '1:54 AM', '9:10 PM'),
(23, 'National Library of Australia', '5:20 AM', '6:05 PM'),
(24, 'Australia', '5:52 AM', '8:31 PM'),
(25, 'Bodleian Library', '5:42 AM', '8:47 PM'),
(26, 'UK', '1:05 AM', '8:26 PM'),
(27, 'Library of the University of California', '1:11 AM', '7:14 PM'),
(28, 'USA', '3:18 AM', '8:01 PM'),
(29, 'Harvard Library', '12:43 AM', '9:44 PM'),
(30, 'USA', '1:10 AM', '10:16 PM'),
(31, 'National Library of Brazil', '3:46 AM', '11:13 PM'),
(32, 'Brazil', '5:40 AM', '7:43 PM'),
(33, 'Trinity College Library', '4:34 AM', '8:12 PM'),
(34, 'Ireland', '2:36 AM', '10:11 PM'),
(35, 'National Library of South Africa', '3:37 AM', '10:56 PM'),
(36, 'South Africa', '12:42 AM', '10:24 PM'),
(37, 'National Central Library', '3:41 AM', '10:47 PM'),
(38, 'Taiwan', '4:05 AM', '10:16 PM'),
(39, 'The Royal Library', '4:23 AM', '8:18 PM'),
(40, 'Denmark', '12:35 AM', '8:08 PM'),
(41, 'Vatican Library', '1:07 AM', '6:00 PM'),
(42, 'Vatican City', '3:24 AM', '8:47 PM'),
(43, 'National Library of India', '5:14 AM', '11:35 PM'),
(44, 'India', '1:21 AM', '8:48 PM'),
(45, 'Swiss Federal', '2:19 AM', '6:09 PM'),
(46, 'Switzerland', '5:56 AM', '9:08 PM'),
(47, 'State Library of Victoria', '3:49 AM', '7:19 PM'),
(48, 'Australia', '5:11 AM', '10:32 PM'),
(49, 'National Library of Sweden', '2:39 AM', '8:27 PM'),
(50, 'Sweden', '5:04 AM', '10:43 PM')


select * from books
insert into Books (Id, Name, Genre, LibraryId) values
(1,'Dubravka','Reading',1),
(2,'Patnje mladoga Werthera','Reading',1),
(3,'Junaci Pavlove ulice','Reading',1),
(4,'Junaci Pavlove ulice','Reading',2),
(5,'Junaci Pavlove ulice','Reading',2),
(6,'Junaci Pavlove ulice','Reading',3),
(7,'Junaci Pavlove ulice','Reading',3),
(8,'Junaci Pavlove ulice','Reading',3),
(9,'Junaci Pavlove ulice','Reading',1),
(10,'All tomorrows','Artistic',4),
(11,'All tomorrows','Artistic',4),
(12,'All tomorrows','Artistic',4),
(13,'Osman','Reading',1),
(14,'Faust','Artistic',2),
(15, 'To the Lighthouse', 'Reading', 31),
(16, 'Gone with the Wind', 'Artistic', 19),
(17, 'Becoming', 'Professional', 14),
(18, 'The Sun Also Rises', 'Artistic', 39),
(19, 'The Outsiders', 'Biography', 21),
(20, 'Les Misérables', 'Reading', 9),
(21, 'The Giver', 'Professional', 8),
(22, 'The Night Circus', 'Scientific', 49),
(23, 'The Old Man and the Sea', 'Professional', 28),
(24, 'Anna Karenina', 'Scientific', 40),
(25, 'The Catcher Was a Spy', 'Reading', 6),
(26, 'Atlas Shrugged', 'Reading', 44),
(27, 'One Hundred Years of Solitude', 'Scientific', 39),
(28, 'Sapiens', 'Professional', 24),
(29, 'Things Fall Apart', 'Artistic', 26),
(30, 'The Catcher Was a Spy', 'Professional', 10),
(31, 'Anna Karenina', 'Artistic', 5),
(32, 'The Alchemist', 'Artistic', 45),
(33, 'The Silent Patient', 'Scientific', 44),
(34, 'The White Tiger', 'Biography', 24),
(35, 'The Goldfinch', 'Reading', 26),
(36, 'The Scarlet Letter', 'Reading', 35),
(37, 'Lolita', 'Artistic', 36),
(38, 'The Master and Margarita', 'Scientific', 39),
(39, 'The Silent Patient', 'Artistic', 48),
(40, 'The Help', 'Professional', 24),
(41, 'The Fountainhead', 'Biography', 34),
(42, 'Where the Crawdads Sing', 'Scientific', 7),
(43, 'The Great Gatsby', 'Scientific', 41),
(44, 'Brave New World', 'Artistic', 47),
(45, 'The Secret Garden', 'Reading', 35),
(46, 'The Hitchhiker''s Guide to the Galaxy', 'Biography', 21),
(47, 'The Joy Luck Club', 'Scientific', 28),
(48, 'Fahrenheit 451', 'Artistic', 11),
(49, 'Where the Crawdads Sing', 'Reading', 18),
(50, 'The World According to Garp', 'Reading', 1),
(51, 'The Martian Chronicles', 'Scientific', 19),
(52, 'The Silent Patient', 'Biography', 14),
(53, 'Things Fall Apart', 'Reading', 47),
(54, 'The Road Less Traveled', 'Biography', 40),
(55, 'Catch-22', 'Scientific', 5),
(56, 'Crime and Punishment', 'Artistic', 35),
(57, 'The Catcher in the Rye', 'Scientific', 13),
(58, 'The Night Circus', 'Biography', 12),
(59, 'Moby-Dick', 'Scientific', 6),
(60, 'The Scarlet Letter', 'Professional', 10),
(61, 'The Chronicles of Narnia', 'Professional', 18),
(62, 'The Stand', 'Biography', 37),
(63, 'The Giver', 'Artistic', 1),
(64, 'The World According to Garp', 'Biography', 14),
(65, 'Brave New World', 'Scientific', 47),
(66, 'East of Eden', 'Professional', 27),
(67, 'The Sun Also Rises', 'Reading', 6),
(68, 'Harry Potter and the Sorcerer''s Stone', 'Biography', 33),
(69, 'The Stand', 'Biography', 9),
(70, 'The Jungle', 'Biography', 30),
(71, 'The Secret Life of Bees', 'Reading', 36),
(72, 'The Secret History', 'Scientific', 48),
(73, 'The White Tiger', 'Reading', 37),
(74, 'The Great Alone', 'Professional', 27),
(75, 'Fahrenheit 451', 'Reading', 47),
(76, 'One Hundred Years of Solitude', 'Biography', 46),
(77, 'The Things They Carried', 'Scientific', 24),
(78, 'The Spy Who Came in from the Cold', 'Artistic', 43),
(79, 'East of Eden', 'Professional', 13),
(80, 'The Hitchhiker''s Guide to the Galaxy', 'Biography', 34),
(81, 'The Unbearable Lightness of Being', 'Scientific', 40),
(82, 'The Three Musketeers', 'Biography', 44),
(83, 'To the Lighthouse', 'Scientific', 32),
(84, 'The Grapes of Wrath', 'Professional', 3),
(85, 'The Secret Life of Bees', 'Artistic', 40),
(86, 'The Secret Life of Bees', 'Scientific', 43),
(87, 'Les Misérables', 'Scientific', 9),
(88, 'The Trial', 'Professional', 1),
(89, 'A Song of Ice and Fire', 'Scientific', 47),
(90, 'The Stranger', 'Reading', 3),
(91, 'Things Fall Apart', 'Professional', 45),
(92, 'The Trial', 'Professional', 4),
(93, 'The Brothers Karamazov', 'Artistic', 38),
(94, 'The World According to Garp', 'Artistic', 23),
(95, 'The Outsiders', 'Professional', 7),
(96, 'The Glass Castle', 'Reading', 32),
(97, 'Educated', 'Artistic', 24),
(98, 'Educated', 'Professional', 11),
(99, 'The Nightingale', 'Artistic', 30),
(100, 'The Road to Serfdom', 'Professional', 42),
(101, 'The Hobbit', 'Reading', 6),
(102, 'The Old Man and the Sea', 'Biography', 22),
(103, 'The Road', 'Scientific', 12),
(104, 'The Lord of the Rings', 'Biography', 25),
(105, 'Catch-22', 'Scientific', 16),
(106, 'The Secret Life of Bees', 'Biography', 42),
(107, 'The Bell Jar', 'Artistic', 31),
(108, 'The World According to Garp', 'Reading', 26),
(109, 'The Girl with the Dragon Tattoo', 'Biography', 16),
(110, 'Frankenstein', 'Artistic', 38),
(111, 'The Silent Patient', 'Biography', 10),
(112, 'The Secret Life of Bees', 'Reading', 22),
(113, 'Frankenstein', 'Biography', 3),
(114, 'The Kite Runner', 'Professional', 48),
(115, 'The Help', 'Professional', 21),
(116, 'Gone with the Wind', 'Scientific', 41),
(117, 'The Scarlet Letter', 'Reading', 14),
(118, 'The Da Vinci Code', 'Artistic', 35),
(119, 'Where the Crawdads Sing', 'Biography', 46),
(120, 'The Wind in the Willows', 'Artistic', 24),
(121, 'Moby-Dick', 'Professional', 3),
(122, 'The Unbearable Lightness of Being', 'Reading', 37),
(123, 'The Girl with the Dragon Tattoo', 'Biography', 46),
(124, 'Frankenstein', 'Biography', 41),
(125, 'The Secret Life of Bees', 'Reading', 9),
(126, 'The Old Man and the Sea', 'Artistic', 25),
(127, 'The Scarlet Letter', 'Professional', 23),
(128, 'The Stand', 'Reading', 18),
(129, 'The Road to Serfdom', 'Professional', 22),
(130, 'The Master and Margarita', 'Biography', 23),
(131, 'The Martian', 'Scientific', 17),
(132, 'The White Tiger', 'Biography', 1),
(133, 'The Night Circus', 'Scientific', 19),
(134, 'The Girl with the Dragon Tattoo', 'Reading', 20),
(135, 'The Scarlet Letter', 'Artistic', 25),
(136, 'The Secret Garden', 'Scientific', 35),
(137, 'Harry Potter and the Sorcerer''s Stone', 'Biography', 16),
(138, 'Becoming', 'Artistic', 32),
(139, 'A Tale of Two Cities', 'Professional', 13),
(140, 'Atlas Shrugged', 'Biography', 29),
(141, 'Things Fall Apart', 'Scientific', 49),
(142, 'The Brothers Karamazov', 'Artistic', 6),
(143, 'The White Tiger', 'Biography', 20),
(144, 'A Song of Ice and Fire', 'Scientific', 47),
(145, 'Wuthering Heights', 'Artistic', 43),
(146, 'Sense and Sensibility', 'Reading', 24),
(147, 'The Girl with the Dragon Tattoo', 'Reading', 42),
(148, 'A Tale of Two Cities', 'Artistic', 4),
(149, 'The Lord of the Rings', 'Reading', 14),
(150, 'Brave New World', 'Artistic', 21),
(151, 'We Were Liars', 'Scientific', 4),
(152, 'The White Tiger', 'Reading', 47),
(153, 'The Color Purple', 'Biography', 3),
(154, 'The White Tiger', 'Reading', 22),
(155, 'Sapiens', 'Scientific', 35),
(156, 'The Immortal Life of Henrietta Lacks', 'Reading', 5),
(157, 'The Stand', 'Professional', 13),
(158, 'The Book Thief', 'Reading', 5),
(159, 'Atlas Shrugged', 'Reading', 2),
(160, 'The Da Vinci Code', 'Reading', 36),
(161, 'The Stranger', 'Artistic', 43),
(162, 'The Nightingale', 'Reading', 3),
(163, 'The Night Circus', 'Artistic', 36),
(164, 'Don Quixote', 'Professional', 41),
(165, 'East of Eden', 'Professional', 13),
(166, 'The Spy Who Came in from the Cold', 'Professional', 11),
(167, '1984', 'Biography', 30),
(168, 'Gone with the Wind', 'Biography', 12),
(169, 'One Hundred Years of Solitude', 'Reading', 45),
(170, 'The Alchemist', 'Scientific', 37),
(171, 'The Lord of the Rings', 'Scientific', 45),
(172, 'Pride and Prejudice', 'Professional', 12),
(173, 'The Book Thief', 'Scientific', 38),
(174, 'The Road Less Traveled', 'Biography', 32),
(175, 'Brave New World', 'Biography', 38),
(176, 'The Help', 'Biography', 20),
(177, 'East of Eden', 'Artistic', 28),
(178, 'Jane Eyre', 'Biography', 17),
(179, 'Atlas Shrugged', 'Professional', 2),
(180, '1984', 'Professional', 14),
(181, 'The Scarlet Letter', 'Professional', 20),
(182, 'The Martian Chronicles', 'Artistic', 14),
(183, 'The World According to Garp', 'Biography', 42),
(184, 'War and Peace', 'Scientific', 5),
(185, 'Jane Eyre', 'Artistic', 46),
(186, 'The Secret Life of Bees', 'Professional', 11),
(187, 'One Hundred Years of Solitude', 'Professional', 18),
(188, 'The Brothers Karamazov', 'Professional', 49),
(189, 'Sense and Sensibility', 'Biography', 2),
(190, 'The Silent Patient', 'Artistic', 11),
(191, 'The White Tiger', 'Professional', 41),
(192, 'Anna Karenina', 'Professional', 25),
(193, 'East of Eden', 'Biography', 49),
(194, 'Jane Eyre', 'Artistic', 44),
(195, 'Gone with the Wind', 'Scientific', 10),
(196, 'Jane Eyre', 'Professional', 22),
(197, 'The Road to Serfdom', 'Scientific', 27),
(198, 'The Jungle', 'Scientific', 49),
(199, 'The Picture of Dorian Gray', 'Artistic', 9),
(200, 'The Alchemist', 'Biography', 10),
(201, 'The Great Gatsby', 'Scientific', 17),
(202, 'The Martian', 'Biography', 7),
(203, 'Fahrenheit 451', 'Professional', 2),
(204, 'The Goldfinch', 'Artistic', 27),
(205, 'Don Quixote', 'Biography', 38),
(206, 'Harry Potter and the Sorcerer''s Stone', 'Reading', 21),
(207, 'The Martian Chronicles', 'Artistic', 38),
(208, 'The Road', 'Scientific', 39),
(209, 'The Color Purple', 'Professional', 45),
(210, 'Where the Crawdads Sing', 'Artistic', 8),
(211, 'Harry Potter and the Sorcerer''s Stone', 'Professional', 37),
(212, 'The Outsiders', 'Reading', 4),
(213, 'The Great Alone', 'Professional', 35),
(214, 'Lolita', 'Artistic', 12),
(215, 'The Handmaid''s Tale', 'Reading', 7),
(216, 'The Fountainhead', 'Professional', 31),
(217, 'War and Peace', 'Artistic', 22),
(218, 'The Catcher Was a Spy', 'Reading', 26),
(219, 'Sapiens', 'Biography', 50),
(220, 'The Goldfinch', 'Professional', 47),
(221, 'Atlas Shrugged', 'Professional', 45),
(222, 'The Wind in the Willows', 'Professional', 47),
(223, 'Moby-Dick', 'Reading', 44),
(224, 'The Nightingale', 'Artistic', 44),
(225, 'The Color Purple', 'Biography', 9),
(226, 'The Alchemist', 'Professional', 10),
(227, 'Fahrenheit 451', 'Scientific', 46),
(228, 'The White Tiger', 'Scientific', 3),
(229, 'The Secret History', 'Biography', 9),
(230, 'The Road to Serfdom', 'Scientific', 33),
(231, 'The Chronicles of Narnia', 'Scientific', 33),
(232, 'The Martian Chronicles', 'Biography', 41),
(233, 'Great Expectations', 'Reading', 25),
(234, 'Things Fall Apart', 'Biography', 43),
(235, 'Moby-Dick', 'Scientific', 16),
(236, 'Atlas Shrugged', 'Biography', 15),
(237, 'The Unbearable Lightness of Being', 'Biography', 22),
(238, 'Sense and Sensibility', 'Reading', 13),
(239, 'The Shining', 'Scientific', 19),
(240, 'The Silent Patient', 'Artistic', 38),
(241, 'The Road to Serfdom', 'Biography', 8),
(242, 'The Secret Garden', 'Biography', 14),
(243, 'The Three Musketeers', 'Professional', 14),
(244, 'Educated', 'Scientific', 26),
(245, 'Lolita', 'Professional', 6),
(246, 'The Road', 'Reading', 23),
(247, 'The Handmaid''s Tale', 'Scientific', 2),
(248, 'Where the Crawdads Sing', 'Scientific', 28),
(249, 'The White Tiger', 'Artistic', 23),
(250, 'Harry Potter and the Sorcerer''s Stone', 'Professional', 24),
(251, 'The Wind in the Willows', 'Reading', 38),
(252, 'The Wind-Up Bird Chronicle', 'Biography', 23),
(253, 'The Giver', 'Reading', 4),
(254, 'The Great Gatsby', 'Scientific', 43),
(255, 'The Catcher Was a Spy', 'Biography', 15),
(256, 'The Stand', 'Scientific', 30),
(257, 'The Road', 'Professional', 49),
(258, 'The Handmaid''s Tale', 'Scientific', 44),
(259, 'The Stand', 'Professional', 49),
(260, 'The Bell Jar', 'Reading', 30),
(261, 'Sense and Sensibility', 'Artistic', 29),
(262, 'The Brothers Karamazov', 'Biography', 16),
(263, 'The Subtle Art of Not Giving a F*ck', 'Professional', 30),
(264, 'We Were Liars', 'Scientific', 24),
(265, 'To the Lighthouse', 'Scientific', 9),
(266, 'The Three Musketeers', 'Scientific', 25),
(267, 'The Alchemist', 'Professional', 7),
(268, 'The Catcher Was a Spy', 'Artistic', 49),
(269, 'The Wind in the Willows', 'Artistic', 20),
(270, 'The Jungle', 'Professional', 32),
(271, 'Sense and Sensibility', 'Scientific', 34),
(272, 'The Lovely Bones', 'Professional', 31),
(273, 'Pride and Prejudice', 'Biography', 9),
(274, 'Wuthering Heights', 'Professional', 38),
(275, 'The Hitchhiker''s Guide to the Galaxy', 'Professional', 36),
(276, 'Brave New World', 'Scientific', 6),
(277, 'The Grapes of Wrath', 'Professional', 8),
(278, 'The White Tiger', 'Biography', 41),
(279, 'The Nightingale', 'Reading', 6),
(280, 'The Immortal Life of Henrietta Lacks', 'Biography', 3),
(281, 'The White Tiger', 'Reading', 7),
(282, 'The Catcher in the Rye', 'Professional', 23),
(283, 'We Were Liars', 'Biography', 14),
(284, 'The Road Less Traveled', 'Reading', 23),
(285, 'The Secret History', 'Scientific', 38),
(286, 'The Guernsey Literary and Potato Peel Pie Society', 'Scientific', 47),
(287, 'The Martian Chronicles', 'Professional', 1),
(288, 'Moby-Dick', 'Scientific', 29),
(289, 'The Stranger', 'Professional', 28),
(290, 'The Wind-Up Bird Chronicle', 'Artistic', 21),
(291, 'The Hunger Games', 'Professional', 42),
(292, 'Educated', 'Biography', 15),
(293, 'The Road', 'Professional', 40),
(294, 'The Hitchhiker''s Guide to the Galaxy', 'Artistic', 29),
(295, 'A Tale of Two Cities', 'Professional', 32),
(296, 'The Unbearable Lightness of Being', 'Professional', 24),
(297, 'Great Expectations', 'Biography', 33),
(298, 'The Lord of the Rings', 'Biography', 36),
(299, 'The Odyssey', 'Scientific', 6),
(300, 'The White Tiger', 'Professional', 37),
(301, 'Lolita', 'Biography', 29),
(302, 'The Guernsey Literary and Potato Peel Pie Society', 'Biography', 30),
(303, 'The Road to Serfdom', 'Professional', 30),
(304, 'The Master and Margarita', 'Biography', 22),
(305, 'The Wretched of the Earth', 'Scientific', 9),
(306, 'The Road', 'Artistic', 9),
(307, 'Moby-Dick', 'Reading', 3),
(308, 'The Count of Monte Cristo', 'Professional', 22),
(309, 'Brave New World', 'Biography', 33),
(310, 'A Song of Ice and Fire', 'Reading', 14),
(311, 'The Secret Garden', 'Biography', 37),
(312, 'The Hunger Games', 'Artistic', 21),
(313, 'The Kite Runner', 'Biography', 41),
(314, 'The Joy Luck Club', 'Professional', 31),
(315, 'The Handmaid''s Tale', 'Biography', 24),
(316, 'Catch-22', 'Biography', 44),
(317, 'The Count of Monte Cristo', 'Scientific', 31),
(318, 'The Grapes of Wrath', 'Scientific', 5),
(319, 'The Spy Who Came in from the Cold', 'Professional', 38),
(320, 'The White Tiger', 'Biography', 16),
(321, 'One Hundred Years of Solitude', 'Reading', 42),
(322, 'Les Misérables', 'Professional', 24),
(323, 'Wuthering Heights', 'Artistic', 2),
(324, 'Things Fall Apart', 'Biography', 33),
(325, 'The Unbearable Lightness of Being', 'Biography', 32),
(326, 'The Old Man and the Sea', 'Artistic', 9),
(327, 'The Jungle', 'Artistic', 37),
(328, 'The Stand', 'Professional', 1),
(329, 'Harry Potter and the Sorcerer''s Stone', 'Artistic', 33),
(330, 'The Things They Carried', 'Professional', 14),
(331, 'Lord of the Flies', 'Professional', 48),
(332, 'Moby-Dick', 'Artistic', 36),
(333, 'The Great Gatsby', 'Reading', 20),
(334, 'Atlas Shrugged', 'Biography', 17),
(335, 'The Old Man and the Sea', 'Scientific', 12),
(336, 'A Song of Ice and Fire', 'Biography', 17),
(337, 'Sense and Sensibility', 'Scientific', 23),
(338, 'Moby-Dick', 'Professional', 25),
(339, 'Moby-Dick', 'Biography', 18),
(340, 'The Jungle', 'Professional', 29),
(341, 'The Great Alone', 'Biography', 3),
(342, 'Jane Eyre', 'Professional', 7),
(343, 'The Wind-Up Bird Chronicle', 'Professional', 45),
(344, 'The Color Purple', 'Biography', 49),
(345, 'The Catcher Was a Spy', 'Professional', 31),
(346, 'Gone with the Wind', 'Professional', 50),
(347, 'The Alchemist', 'Artistic', 15),
(348, 'The Goldfinch', 'Professional', 43),
(349, 'Where the Crawdads Sing', 'Professional', 49),
(350, 'The Sun Also Rises', 'Reading', 33),
(351, 'The Master and Margarita', 'Biography', 21),
(352, 'The Lovely Bones', 'Scientific', 15),
(353, 'Educated', 'Artistic', 9),
(354, 'The Three Musketeers', 'Biography', 14),
(355, 'Frankenstein', 'Reading', 50),
(356, 'The Secret Garden', 'Artistic', 44),
(357, 'The Wretched of the Earth', 'Artistic', 43),
(358, 'To the Lighthouse', 'Artistic', 29),
(359, 'Great Expectations', 'Biography', 9),
(360, 'To Kill a Mockingbird', 'Biography', 5),
(361, 'The Night Circus', 'Biography', 18),
(362, 'The Book Thief', 'Biography', 7),
(363, 'War and Peace', 'Professional', 37),
(364, 'One Hundred Years of Solitude', 'Reading', 33),
(365, 'A Song of Ice and Fire', 'Scientific', 45),
(366, 'The Subtle Art of Not Giving a F*ck', 'Scientific', 2),
(367, 'The Hitchhiker''s Guide to the Galaxy', 'Artistic', 22),
(368, 'The Hitchhiker''s Guide to the Galaxy', 'Biography', 34),
(369, 'The Shining', 'Professional', 4),
(370, 'Les Misérables', 'Biography', 45),
(371, 'The Wind in the Willows', 'Biography', 16),
(372, 'The Lord of the Rings', 'Scientific', 28),
(373, 'The Wretched of the Earth', 'Biography', 32),
(374, 'Anna Karenina', 'Scientific', 33),
(375, 'The Road Less Traveled', 'Scientific', 36),
(376, 'A Tale of Two Cities', 'Scientific', 14),
(377, 'Lolita', 'Artistic', 13),
(378, 'The Wretched of the Earth', 'Artistic', 12),
(379, 'The Lovely Bones', 'Scientific', 14),
(380, 'A Tale of Two Cities', 'Professional', 8),
(381, 'The Martian Chronicles', 'Reading', 17),
(382, 'Pride and Prejudice', 'Artistic', 5),
(383, 'The Witching Hour', 'Professional', 9),
(384, 'The Guernsey Literary and Potato Peel Pie Society', 'Biography', 11),
(385, 'The Grapes of Wrath', 'Artistic', 32),
(386, 'East of Eden', 'Biography', 25),
(387, 'The Help', 'Biography', 34),
(388, 'The Trial', 'Reading', 23),
(389, 'Lord of the Flies', 'Reading', 19),
(390, 'The Odyssey', 'Professional', 49),
(391, 'We Were Liars', 'Professional', 46),
(392, 'Moby-Dick', 'Artistic', 25),
(393, 'The Three Musketeers', 'Artistic', 14),
(394, 'Atlas Shrugged', 'Biography', 30),
(395, 'The Outsiders', 'Artistic', 11),
(396, 'The World According to Garp', 'Reading', 39),
(397, 'The Spy Who Came in from the Cold', 'Artistic', 46),
(398, 'The Great Gatsby', 'Artistic', 41),
(399, 'Educated', 'Professional', 26),
(400, 'Where the Crawdads Sing', 'Professional', 50),
(401, 'The Road to Serfdom', 'Scientific', 27),
(402, 'The Wretched of the Earth', 'Scientific', 31),
(403, 'The Secret Garden', 'Scientific', 16),
(404, 'The Catcher Was a Spy', 'Artistic', 34),
(405, 'The Book Thief', 'Professional', 16),
(406, 'The Great Gatsby', 'Reading', 35),
(407, 'Lord of the Flies', 'Artistic', 47),
(408, 'Becoming', 'Scientific', 48),
(409, 'The Glass Castle', 'Biography', 35),
(410, 'The Stranger', 'Artistic', 37),
(411, 'A Tale of Two Cities', 'Reading', 33),
(412, 'The Girl with the Dragon Tattoo', 'Artistic', 40),
(413, 'The Stand', 'Biography', 36),
(414, 'The Bell Jar', 'Professional', 19),
(415, 'Atlas Shrugged', 'Reading', 7),
(416, 'The White Tiger', 'Biography', 49),
(417, 'The Da Vinci Code', 'Professional', 17),
(418, 'Gone with the Wind', 'Scientific', 33),
(419, 'The Grapes of Wrath', 'Reading', 14),
(420, 'The Stranger', 'Reading', 11),
(421, 'Brave New World', 'Professional', 49),
(422, 'The Nightingale', 'Scientific', 7),
(423, 'The Old Man and the Sea', 'Biography', 43),
(424, 'The White Tiger', 'Artistic', 38),
(425, 'The Hitchhiker''s Guide to the Galaxy', 'Artistic', 21),
(426, 'The Outsiders', 'Scientific', 41),
(427, 'Jane Eyre', 'Artistic', 11),
(428, 'The Scarlet Letter', 'Biography', 40),
(429, 'The Wind-Up Bird Chronicle', 'Reading', 25),
(430, 'The Master and Margarita', 'Reading', 7),
(431, 'East of Eden', 'Biography', 47),
(432, 'The Things They Carried', 'Professional', 22),
(433, 'The Handmaid''s Tale', 'Scientific', 17),
(434, 'The Stand', 'Professional', 32),
(435, 'The Brothers Karamazov', 'Biography', 39),
(436, '1984', 'Biography', 34),
(437, 'Sapiens', 'Professional', 19),
(438, 'The Stand', 'Reading', 19),
(439, 'Where the Crawdads Sing', 'Professional', 32),
(440, 'The Odyssey', 'Professional', 33),
(441, 'Harry Potter and the Sorcerer''s Stone', 'Artistic', 43),
(442, 'The Witching Hour', 'Reading', 30),
(443, 'Educated', 'Scientific', 29),
(444, 'The Scarlet Letter', 'Biography', 39),
(445, 'Pride and Prejudice', 'Reading', 50),
(446, 'The Stand', 'Reading', 37),
(447, 'The Secret Garden', 'Scientific', 1),
(448, 'The Color Purple', 'Reading', 34),
(449, 'The Catcher Was a Spy', 'Scientific', 26),
(450, 'The Hitchhiker''s Guide to the Galaxy', 'Artistic', 12),
(451, 'Catch-22', 'Biography', 23),
(452, 'The Da Vinci Code', 'Professional', 49),
(453, 'The Stranger', 'Scientific', 40),
(454, 'The Hunger Games', 'Scientific', 39),
(455, 'The Giver', 'Scientific', 50),
(456, 'The Silent Patient', 'Reading', 35),
(457, 'The Jungle', 'Artistic', 32),
(458, 'The Trial', 'Artistic', 6),
(459, 'Educated', 'Artistic', 42),
(460, 'The Wind in the Willows', 'Biography', 29),
(461, 'The Unbearable Lightness of Being', 'Biography', 4),
(462, 'The Night Circus', 'Scientific', 49),
(463, 'Sense and Sensibility', 'Reading', 3),
(464, 'The Immortal Life of Henrietta Lacks', 'Scientific', 26),
(465, 'The Unbearable Lightness of Being', 'Scientific', 36),
(466, 'The Old Man and the Sea', 'Biography', 26),
(467, 'The Odyssey', 'Biography', 43),
(468, 'The Master and Margarita', 'Biography', 6),
(469, 'The Old Man and the Sea', 'Professional', 13),
(470, 'The Wind-Up Bird Chronicle', 'Artistic', 48),
(471, 'The Road to Serfdom', 'Artistic', 13),
(472, 'The Great Alone', 'Scientific', 44),
(473, 'The Kite Runner', 'Biography', 37),
(474, 'The Joy Luck Club', 'Reading', 41),
(475, 'Anna Karenina', 'Biography', 42),
(476, 'The Book Thief', 'Scientific', 31),
(477, 'The Trial', 'Biography', 24),
(478, 'The Wind in the Willows', 'Professional', 11),
(479, 'The Spy Who Came in from the Cold', 'Biography', 12),
(480, 'The Hunger Games', 'Biography', 27),
(481, 'The Catcher Was a Spy', 'Biography', 46),
(482, 'The Martian Chronicles', 'Professional', 48),
(483, 'The Glass Castle', 'Scientific', 4),
(484, 'To the Lighthouse', 'Scientific', 12),
(485, 'The Girl with the Dragon Tattoo', 'Artistic', 50),
(486, 'To the Lighthouse', 'Biography', 19),
(487, 'The Nightingale', 'Artistic', 30),
(488, 'The Hobbit', 'Artistic', 15),
(489, 'The Catcher in the Rye', 'Reading', 38),
(490, 'The Chronicles of Narnia', 'Scientific', 19),
(491, 'The White Tiger', 'Professional', 16),
(492, 'Anna Karenina', 'Artistic', 17),
(493, 'War and Peace', 'Professional', 16),
(494, 'The Nightingale', 'Professional', 44),
(495, 'Crime and Punishment', 'Scientific', 28),
(496, 'The Secret Garden', 'Reading', 48),
(497, 'The Hunger Games', 'Artistic', 30),
(498, 'The Subtle Art of Not Giving a F*ck', 'Biography', 37),
(499, 'The Giver', 'Professional', 22),
(500, 'The Stranger', 'Artistic', 26)


select * from authorBook
order by AuthorId
insert into AuthorBook (AuthorId,BookId,Authortype, PublicationDate) values
(1,1,'Primary',timestamp '2000/1/1'),
(2,2,'Primary',timestamp '2018/2/1'),
(3,3,'Primary',timestamp '2019/2/1'),
(1,2, 'Secondary',timestamp '2020/2/1'),
(3,2, 'Secondary',timestamp '1900/2/1'),
(4,10, 'Primary',timestamp '2000/2/11'),
(4,11, 'Primary',timestamp '2000/2/11'),
(4,12, 'Primary',timestamp '2000/2/11'),
(3,9,'Primary',timestamp '1991/2/11'),
(2,14, 'Primary',timestamp '1800/8/14'),

insert into AuthorBook (AuthorId,BookId,Authortype, PublicationDate) values
(61, 492, 'Secondary', '7/21/1921'),
(21, 476, 'Primary', '12/21/1977'),
(16, 231, 'Secondary', '2/19/1987'),
(86, 228, 'Secondary', '6/17/1946'),
(36, 296, 'Secondary', '1/10/1912'),
(33, 301, 'Primary', '11/22/1936'),
(11, 32, 'Secondary', '10/21/1930'),
(80, 210, 'Secondary', '8/17/1917'),
(82, 65, 'Primary', '10/27/1962'),
(48, 372, 'Secondary', '1/10/1922'),
(38, 351, 'Primary', '2/28/1954'),
(95, 314, 'Primary', '11/1/1928'),
(92, 339, 'Primary', '3/17/1988'),
(9, 189, 'Primary', '6/20/1938'),
(61, 122, 'Primary', '9/25/2002'),
(25, 390, 'Primary', '6/21/1969'),
(79, 337, 'Primary', '9/8/2010'),
(10, 259, 'Primary', '8/11/1943'),
(25, 89, 'Secondary', '6/10/2001'),
(21, 472, 'Secondary', '6/9/1952'),
(24, 228, 'Secondary', '5/5/1950'),
(61, 290, 'Primary', '10/8/2018'),
(74, 378, 'Primary', '12/1/1949'),
(57, 397, 'Primary', '1/20/2009'),
(7, 281, 'Primary', '6/17/1982'),
(88, 273, 'Secondary', '12/31/1905'),
(52, 191, 'Primary', '7/27/1946'),
(12, 87, 'Primary', '3/30/2007'),
(73, 205, 'Primary', '12/11/1945'),
(21, 175, 'Primary', '7/17/1913'),
(33, 170, 'Primary', '6/11/1901'),
(24, 368, 'Primary', '8/18/1963'),
(1, 340, 'Primary', '7/23/1908'),
(80, 488, 'Primary', '6/4/1909'),
(19, 480, 'Secondary', '4/22/1963'),
(54, 231, 'Secondary', '6/3/1928'),
(50, 117, 'Primary', '2/15/2018'),
(52, 483, 'Primary', '1/23/1900'),
(90, 481, 'Primary', '9/25/1955'),
(65, 283, 'Secondary', '1/27/1918'),
(56, 238, 'Secondary', '4/11/1974'),
(42, 68, 'Primary', '5/2/2016'),
(72, 109, 'Secondary', '1/31/1944'),
(77, 145, 'Primary', '7/16/2012'),
(68, 367, 'Primary', '6/8/2001'),
(8, 404, 'Primary', '2/14/1972'),
(52, 12, 'Secondary', '1/7/1918'),
(43, 298, 'Primary', '4/26/2008'),
(47, 389, 'Primary', '7/25/1918'),
(10, 463, 'Secondary', '11/29/1983'),
(78, 472, 'Primary', '12/31/1966'),
(83, 9, 'Secondary', '2/21/2008'),
(15, 165, 'Secondary', '4/5/1981'),
(46, 316, 'Secondary', '2/26/1934'),
(88, 235, 'Secondary', '3/25/1963'),
(3, 297, 'Secondary', '1/22/1985'),
(12, 464, 'Primary', '5/5/1911'),
(10, 422, 'Secondary', '12/6/1910'),
(66, 454, 'Primary', '12/9/1963'),
(93, 264, 'Secondary', '11/28/2017'),
(67, 293, 'Secondary', '2/12/1934'),
(62, 456, 'Secondary', '2/19/1985'),
(84, 119, 'Primary', '5/9/2010'),
(16, 168, 'Primary', '10/21/2013'),
(78, 241, 'Secondary', '2/4/1999'),
(81, 492, 'Primary', '4/1/1909'),
(100, 344, 'Secondary', '12/12/2023'),
(12, 326, 'Primary', '3/31/1951'),
(17, 466, 'Secondary', '2/4/1932'),
(1, 240, 'Secondary', '5/17/1920'),
(81, 266, 'Primary', '10/30/1976'),
(91, 475, 'Primary', '4/24/1926'),
(89, 320, 'Primary', '10/19/1965'),
(32, 407, 'Secondary', '5/27/2016'),
(2, 61, 'Secondary', '6/2/1959'),
(53, 452, 'Primary', '7/4/1969'),
(34, 398, 'Secondary', '1/12/1992'),
(11, 466, 'Secondary', '1/11/1946'),
(95, 408, 'Secondary', '2/6/1986'),
(87, 180, 'Primary', '2/8/2023'),
(55, 331, 'Primary', '10/23/1969'),
(100, 215, 'Secondary', '6/21/2022'),
(28, 444, 'Primary', '6/9/1986'),
(84, 3, 'Primary', '10/20/1939'),
(48, 6, 'Secondary', '5/10/1967'),
(13, 13, 'Secondary', '12/5/2002'),
(63, 400, 'Secondary', '11/22/1961'),
(94, 170, 'Primary', '9/21/1989'),
(72, 75, 'Secondary', '2/13/1942'),
(77, 394, 'Secondary', '11/10/1955'),
(96, 486, 'Primary', '9/23/1947'),
(62, 28, 'Secondary', '6/13/1938'),
(100, 384, 'Secondary', '5/17/1976'),
(89, 275, 'Primary', '8/28/2008'),
(43, 88, 'Primary', '8/26/1966'),
(99, 234, 'Primary', '12/6/1967'),
(25, 12, 'Primary', '1/23/1989'),
(79, 60, 'Secondary', '10/27/2007'),
(21, 433, 'Primary', '7/6/1971'),
(78, 445, 'Secondary', '4/28/2015'),
(78, 270, 'Secondary', '5/15/1966'),
(21, 178, 'Primary', '8/1/1933'),
(8, 242, 'Primary', '11/17/1927'),
(59, 229, 'Secondary', '7/11/1928'),
(42, 429, 'Secondary', '9/9/1949'),
(88, 122, 'Secondary', '1/11/1991'),
(93, 359, 'Secondary', '9/14/1941'),
(21, 2, 'Secondary', '10/26/2009'),
(48, 306, 'Primary', '6/26/2018'),
(9, 232, 'Secondary', '8/21/2016'),
(80, 120, 'Primary', '11/18/1972'),
(57, 167, 'Secondary', '1/9/1944'),
(64, 264, 'Secondary', '11/9/2012'),
(85, 489, 'Secondary', '2/1/1987'),
(74, 113, 'Primary', '2/2/1992'),
(84, 410, 'Secondary', '11/6/2008'),
(52, 264, 'Primary', '6/23/1900'),
(85, 151, 'Secondary', '9/26/2017'),
(94, 319, 'Secondary', '12/26/1990'),
(37, 154, 'Secondary', '5/2/2000'),
(65, 168, 'Primary', '8/31/1959'),
(23, 229, 'Secondary', '4/24/1946'),
(25, 3, 'Secondary', '1/6/1958'),
(15, 6, 'Secondary', '12/31/1961'),
(4, 274, 'Primary', '9/15/1949'),
(67, 73, 'Secondary', '4/3/1986'),
(51, 59, 'Primary', '9/28/1908'),
(74, 172, 'Primary', '4/9/1936'),
(95, 209, 'Primary', '9/9/1979'),
(32, 445, 'Secondary', '10/14/1904'),
(64, 253, 'Primary', '3/5/2008'),
(66, 450, 'Primary', '6/26/2009'),
(38, 178, 'Secondary', '8/14/2020'),
(8, 282, 'Primary', '10/11/1977'),
(53, 61, 'Primary', '3/19/1944'),
(29, 306, 'Primary', '5/20/1901'),
(11, 426, 'Secondary', '1/16/1961'),
(45, 495, 'Primary', '1/10/1911'),
(53, 406, 'Primary', '7/7/1969'),
(72, 202, 'Secondary', '5/14/1979'),
(77, 104, 'Secondary', '3/22/1942'),
(25, 104, 'Secondary', '2/15/1903'),
(33, 376, 'Primary', '3/30/1978'),
(9, 411, 'Primary', '3/11/1980'),
(14, 351, 'Primary', '5/11/1994'),
(81, 7, 'Secondary', '5/26/1999'),
(33, 390, 'Secondary', '1/23/1900'),
(38, 371, 'Primary', '2/3/1993'),
(95, 159, 'Primary', '3/4/1902'),
(76, 452, 'Primary', '8/1/1977'),
(61, 153, 'Primary', '8/8/1930'),
(29, 485, 'Secondary', '5/11/2017'),
(7, 469, 'Secondary', '3/12/1973'),
(82, 319, 'Primary', '7/3/1949'),
(99, 17, 'Primary', '12/20/2004'),
(24, 497, 'Secondary', '7/18/1965'),
(61, 144, 'Primary', '9/16/1933'),
(25, 469, 'Primary', '3/22/1922'),
(16, 442, 'Secondary', '10/20/1915'),
(82, 254, 'Primary', '10/16/2011'),
(33, 235, 'Secondary', '1/2/1983'),
(17, 499, 'Primary', '5/25/1903'),
(49, 279, 'Primary', '11/13/2000'),
(13, 499, 'Secondary', '12/7/1969'),
(20, 445, 'Primary', '1/23/1925'),
(7, 17, 'Secondary', '8/31/1918'),
(44, 157, 'Secondary', '2/27/1957'),
(23, 143, 'Primary', '1/3/1988'),
(32, 209, 'Secondary', '9/20/1992'),
(91, 36, 'Primary', '1/9/1902'),
(63, 463, 'Secondary', '11/8/1960'),
(88, 279, 'Primary', '7/27/1903'),
(17, 44, 'Primary', '11/7/1995'),
(18, 285, 'Secondary', '4/22/1987'),
(7, 140, 'Primary', '2/23/1965'),
(85, 263, 'Primary', '8/4/2000'),
(50, 194, 'Secondary', '11/1/1927'),
(65, 76, 'Secondary', '2/5/1942'),
(47, 416, 'Secondary', '4/11/1934'),
(64, 331, 'Secondary', '5/14/1934'),
(22, 333, 'Secondary', '3/1/1936'),
(25, 274, 'Primary', '9/21/2018'),
(65, 426, 'Secondary', '10/27/1923'),
(61, 174, 'Primary', '8/7/1928'),
(1, 483, 'Secondary', '3/16/1900'),
(27, 61, 'Primary', '1/1/1968'),
(31, 323, 'Secondary', '1/22/1938'),
(25, 182, 'Secondary', '10/16/1930'),
(2, 474, 'Primary', '11/14/2007'),
(47, 135, 'Secondary', '3/26/1986'),
(71, 307, 'Primary', '8/28/2023'),
(20, 18, 'Secondary', '11/28/1972'),
(12, 38, 'Primary', '1/24/1953'),
(77, 357, 'Primary', '12/26/1904'),
(9, 323, 'Primary', '9/26/1990'),
(67, 84, 'Secondary', '12/23/2002'),
(14, 174, 'Primary', '2/26/2009'),
(63, 143, 'Secondary', '7/4/2021'),
(65, 448, 'Primary', '10/27/1995'),
(98, 37, 'Primary', '7/6/1905'),
(37, 124, 'Secondary', '11/3/1900'),
(73, 133, 'Secondary', '12/18/1935'),
(8, 423, 'Secondary', '3/10/1949'),
(31, 256, 'Secondary', '12/26/1968'),
(38, 315, 'Primary', '5/4/1967'),
(5, 108, 'Secondary', '3/1/1928'),
(2, 141, 'Secondary', '10/21/1924'),
(10, 118, 'Primary', '8/16/1993'),
(39, 295, 'Primary', '8/26/1904'),
(73, 298, 'Primary', '2/8/2001'),
(26, 343, 'Secondary', '6/23/2017'),
(49, 25, 'Primary', '2/5/1911'),
(16, 296, 'Primary', '11/20/1916'),
(63, 353, 'Secondary', '5/13/1918'),
(65, 166, 'Primary', '10/30/1928'),
(71, 11, 'Secondary', '2/24/2000'),
(68, 70, 'Primary', '10/20/1992'),
(89, 144, 'Secondary', '9/8/1917'),
(37, 445, 'Primary', '7/19/1977'),
(16, 406, 'Secondary', '8/13/1945'),
(30, 77, 'Primary', '9/9/1963'),
(43, 426, 'Primary', '3/18/1985'),
(28, 162, 'Secondary', '12/29/1936'),
(85, 356, 'Secondary', '10/13/2006'),
(10, 459, 'Primary', '9/17/1947'),
(3, 345, 'Primary', '2/21/1974'),
(71, 263, 'Primary', '3/5/1924'),
(54, 451, 'Primary', '10/12/2000'),
(57, 235, 'Secondary', '5/7/1912'),
(32, 166, 'Primary', '10/23/2023'),
(93, 146, 'Primary', '8/23/1979'),
(96, 260, 'Primary', '10/9/1953'),
(68, 177, 'Primary', '10/4/1929'),
(4, 480, 'Secondary', '8/17/1932'),
(90, 68, 'Secondary', '7/24/1941'),
(82, 251, 'Secondary', '6/29/2002'),
(6, 121, 'Secondary', '1/18/2012'),
(97, 239, 'Secondary', '4/12/1961'),
(73, 326, 'Secondary', '2/24/2013'),
(48, 126, 'Primary', '1/23/1996'),
(41, 8, 'Secondary', '4/10/2007'),
(65, 21, 'Primary', '8/10/1911'),
(68, 303, 'Secondary', '5/17/1911'),
(31, 241, 'Secondary', '4/13/2002'),
(57, 354, 'Secondary', '11/30/2001'),
(54, 391, 'Secondary', '4/18/1923'),
(94, 81, 'Secondary', '1/20/2023'),
(25, 28, 'Primary', '9/13/1932'),
(75, 248, 'Primary', '1/28/1937'),
(15, 66, 'Secondary', '9/4/1974'),
(10, 218, 'Primary', '7/3/1996'),
(25, 39, 'Secondary', '12/4/1995'),
(97, 444, 'Primary', '5/13/1983'),
(25, 346, 'Secondary', '5/3/1948'),
(12, 321, 'Primary', '9/21/1996'),
(50, 363, 'Primary', '10/19/1914'),
(96, 191, 'Primary', '9/15/1981'),
(93, 117, 'Secondary', '4/16/1992'),
(13, 457, 'Primary', '6/9/1908'),
(42, 154, 'Primary', '2/25/1904'),
(3, 483, 'Secondary', '9/30/1980'),
(82, 268, 'Primary', '9/11/1903'),
(77, 385, 'Primary', '1/6/1928'),
(72, 132, 'Secondary', '10/1/2017'),
(85, 259, 'Secondary', '11/6/1911'),
(14, 473, 'Secondary', '5/26/2002'),
(70, 195, 'Secondary', '9/30/1929'),
(82, 81, 'Primary', '1/19/1908'),
(54, 23, 'Secondary', '5/3/1904'),
(40, 125, 'Primary', '12/3/1923'),
(47, 484, 'Secondary', '1/6/1923'),
(95, 17, 'Secondary', '3/26/1917'),
(8, 135, 'Secondary', '3/5/1971'),
(64, 221, 'Primary', '12/25/1927'),
(17, 193, 'Secondary', '8/1/1942'),
(47, 155, 'Primary', '11/12/1948'),
(81, 137, 'Secondary', '7/27/2012'),
(59, 32, 'Primary', '12/26/1981'),
(85, 336, 'Secondary', '7/23/1973'),
(1, 382, 'Secondary', '7/15/2006'),
(69, 220, 'Primary', '2/11/1965'),
(91, 158, 'Primary', '4/16/1993'),
(7, 341, 'Secondary', '12/3/1950'),
(66, 238, 'Secondary', '6/8/1977'),
(40, 115, 'Secondary', '5/14/1955'),
(72, 158, 'Secondary', '6/23/1939'),
(50, 61, 'Primary', '1/9/1915'),
(49, 451, 'Secondary', '5/18/1936'),
(70, 306, 'Primary', '3/6/1990'),
(40, 240, 'Primary', '10/14/1909'),
(74, 55, 'Secondary', '4/10/2023'),
(35, 215, 'Primary', '10/16/1982'),
(64, 384, 'Secondary', '3/18/1976'),
(51, 63, 'Primary', '1/24/1915'),
(9, 397, 'Secondary', '9/16/1977'),
(38, 208, 'Secondary', '3/10/1976'),
(67, 481, 'Secondary', '7/29/1970'),
(66, 283, 'Primary', '11/11/1971'),
(21, 448, 'Primary', '10/19/1919'),
(29, 467, 'Secondary', '5/12/2022'),
(12, 295, 'Secondary', '3/6/1957'),
(66, 253, 'Secondary', '12/11/1993'),
(88, 55, 'Primary', '7/11/1991'),
(34, 401, 'Secondary', '6/15/1952'),
(65, 172, 'Primary', '6/7/1994'),
(46, 223, 'Primary', '11/17/2006'),
(21, 65, 'Primary', '11/15/1972'),
(24, 175, 'Secondary', '10/16/1991'),
(71, 456, 'Primary', '12/9/1939'),
(29, 59, 'Secondary', '11/1/1986'),
(1, 292, 'Secondary', '4/5/2023'),
(19, 3, 'Secondary', '1/16/1945'),
(9, 359, 'Secondary', '10/21/2022'),
(5, 269, 'Primary', '12/23/1941'),
(69, 246, 'Primary', '9/18/1971'),
(34, 215, 'Primary', '10/11/1959'),
(99, 326, 'Secondary', '5/12/1981'),
(100, 448, 'Primary', '9/17/1903'),
(27, 263, 'Primary', '7/20/2010'),
(46, 122, 'Primary', '4/14/1972'),
(69, 68, 'Primary', '10/25/1974'),
(82, 131, 'Primary', '10/26/2001'),
(95, 338, 'Primary', '12/31/1976'),
(96, 63, 'Secondary', '1/12/1934'),
(8, 347, 'Primary', '9/15/2018'),
(73, 254, 'Primary', '4/30/2007'),
(27, 460, 'Primary', '8/20/1951'),
(37, 7, 'Primary', '2/27/1982'),
(18, 164, 'Primary', '9/26/1948'),
(88, 460, 'Primary', '6/5/2014'),
(63, 341, 'Primary', '10/28/1986'),
(36, 339, 'Primary', '11/10/2015'),
(16, 106, 'Primary', '1/23/1915'),
(23, 86, 'Primary', '10/29/1931'),
(19, 219, 'Primary', '3/19/2010'),
(96, 433, 'Secondary', '3/6/1947'),
(51, 238, 'Secondary', '5/22/1902'),
(95, 413, 'Secondary', '12/8/1927'),
(76, 187, 'Primary', '2/13/2000'),
(73, 154, 'Secondary', '9/23/1957'),
(80, 428, 'Primary', '7/13/1913'),
(45, 253, 'Primary', '6/21/1997'),
(71, 131, 'Secondary', '8/26/1923'),
(47, 184, 'Primary', '2/26/1920'),
(36, 102, 'Primary', '6/7/1982'),
(83, 61, 'Secondary', '4/11/1994'),
(46, 7, 'Secondary', '5/23/1963'),
(16, 322, 'Secondary', '5/18/1968'),
(72, 253, 'Secondary', '7/30/1926'),
(87, 273, 'Secondary', '3/25/1969'),
(36, 354, 'Primary', '9/5/2001'),
(26, 245, 'Secondary', '8/19/1929'),
(57, 52, 'Primary', '1/27/1946'),
(81, 252, 'Primary', '3/21/1978'),
(64, 196, 'Secondary', '9/5/1907'),
(96, 201, 'Primary', '3/28/1934'),
(98, 435, 'Secondary', '9/14/2013'),
(49, 222, 'Primary', '12/3/2005'),
(48, 167, 'Secondary', '11/6/1918'),
(18, 91, 'Primary', '10/3/1972'),
(29, 187, 'Secondary', '6/5/1996'),
(12, 499, 'Primary', '9/1/1971'),
(70, 101, 'Secondary', '12/31/1952'),
(80, 109, 'Primary', '4/21/1930'),
(51, 318, 'Secondary', '2/15/2007'),
(85, 57, 'Primary', '11/25/1976'),
(50, 35, 'Primary', '10/13/1928'),
(60, 290, 'Secondary', '4/30/1920'),
(43, 70, 'Secondary', '7/18/2012'),
(56, 229, 'Secondary', '4/11/1959'),
(10, 453, 'Primary', '9/21/1996'),
(42, 414, 'Secondary', '10/29/1944'),
(60, 357, 'Secondary', '5/25/1918'),
(99, 203, 'Secondary', '2/13/1985'),
(100, 2, 'Secondary', '9/9/1902'),
(34, 191, 'Primary', '2/17/1914'),
(71, 385, 'Primary', '5/9/1957'),
(71, 251, 'Secondary', '8/10/1900'),
(61, 348, 'Primary', '1/11/2013'),
(47, 39, 'Secondary', '6/6/1970'),
(33, 86, 'Primary', '11/22/1973'),
(50, 285, 'Primary', '5/6/1961'),
(33, 85, 'Primary', '8/7/1997'),
(8, 372, 'Primary', '2/5/1988'),
(51, 231, 'Secondary', '4/10/2019'),
(40, 25, 'Primary', '11/13/1992'),
(42, 198, 'Secondary', '6/28/1914'),
(54, 36, 'Primary', '5/6/1963'),
(13, 225, 'Secondary', '2/5/1910'),
(82, 160, 'Secondary', '11/22/1972'),
(50, 75, 'Secondary', '3/20/2021'),
(65, 157, 'Secondary', '1/28/1928'),
(34, 28, 'Primary', '8/7/1913'),
(83, 497, 'Primary', '5/13/1952'),
(23, 135, 'Secondary', '10/24/1943'),
(14, 456, 'Primary', '7/24/1962'),
(35, 255, 'Primary', '10/7/1917'),
(92, 86, 'Primary', '3/3/1962'),
(88, 353, 'Secondary', '3/2/1974'),
(97, 351, 'Primary', '7/4/1985'),
(69, 418, 'Secondary', '6/30/1960'),
(27, 146, 'Secondary', '3/4/1980'),
(85, 183, 'Secondary', '1/28/1900'),
(8, 305, 'Primary', '8/19/1908'),
(77, 158, 'Secondary', '1/11/1933'),
(43, 30, 'Secondary', '4/7/1973'),
(50, 283, 'Primary', '5/30/1917'),
(53, 374, 'Secondary', '8/17/2021'),
(97, 18, 'Secondary', '3/5/1973'),
(47, 174, 'Primary', '4/30/2014'),
(60, 79, 'Secondary', '4/9/1924'),
(69, 39, 'Secondary', '1/30/1964'),
(47, 364, 'Secondary', '12/7/1962'),
(28, 168, 'Secondary', '6/13/1903'),
(13, 106, 'Secondary', '10/4/1972'),
(4, 299, 'Primary', '4/4/1979'),
(42, 391, 'Secondary', '6/30/2017'),
(93, 189, 'Secondary', '10/14/2004'),
(64, 121, 'Secondary', '12/28/2008'),
(86, 236, 'Secondary', '7/31/1931'),
(52, 22, 'Primary', '6/10/1943'),
(33, 453, 'Primary', '7/6/1953'),
(61, 178, 'Primary', '11/28/1942'),
(29, 205, 'Secondary', '4/15/1915'),
(13, 411, 'Primary', '12/8/1962'),
(15, 210, 'Secondary', '1/1/1991'),
(62, 293, 'Primary', '4/1/2002'),
(80, 386, 'Secondary', '8/4/2003'),
(59, 131, 'Primary', '8/24/1947'),
(92, 317, 'Primary', '3/31/1982'),
(8, 91, 'Secondary', '5/24/2015'),
(58, 399, 'Primary', '9/25/2001'),
(77, 235, 'Primary', '11/14/1948'),
(46, 304, 'Secondary', '9/12/1907'),
(58, 449, 'Secondary', '4/13/1990'),
(95, 91, 'Primary', '2/20/2014'),
(34, 51, 'Secondary', '12/9/1933'),
(71, 403, 'Primary', '2/10/1918'),
(4, 251, 'Secondary', '8/16/1902'),
(4, 421, 'Primary', '8/8/1959'),
(18, 224, 'Primary', '10/21/1925'),
(3, 208, 'Primary', '7/2/2010'),
(97, 322, 'Primary', '7/30/1915'),
(47, 434, 'Secondary', '1/26/1982'),
(20, 162, 'Primary', '3/8/1948'),
(88, 126, 'Primary', '9/3/1949'),
(90, 226, 'Secondary', '9/16/2018'),
(42, 139, 'Secondary', '1/31/1954'),
(85, 7, 'Secondary', '10/1/1917'),
(91, 403, 'Secondary', '5/14/2014'),
(31, 50, 'Secondary', '4/7/1907'),
(96, 264, 'Secondary', '1/22/1903'),
(79, 56, 'Primary', '10/10/1982'),
(99, 298, 'Primary', '5/23/1969'),
(56, 284, 'Primary', '2/10/1941'),
(4, 193, 'Secondary', '9/7/1928'),
(65, 123, 'Secondary', '10/23/2020'),
(100, 401, 'Primary', '4/3/2002'),
(94, 316, 'Secondary', '7/21/1972'),
(88, 87, 'Secondary', '1/10/2015'),
(76, 76, 'Secondary', '2/10/1973'),
(55, 225, 'Primary', '6/19/1969'),
(85, 254, 'Primary', '12/14/1990'),
(82, 391, 'Secondary', '8/8/1960'),
(61, 106, 'Primary', '4/19/1985'),
(63, 416, 'Primary', '10/31/1920'),
(13, 410, 'Primary', '2/8/1937'),
(71, 71, 'Primary', '2/2/1932'),
(20, 446, 'Secondary', '11/19/1956'),
(19, 27, 'Secondary', '9/2/1981'),
(7, 344, 'Secondary', '5/7/1935'),
(44, 103, 'Secondary', '9/22/1955'),
(2, 52, 'Secondary', '1/12/1937'),
(47, 18, 'Secondary', '9/23/2000'),
(90, 382, 'Secondary', '1/12/1987'),
(31, 498, 'Primary', '12/16/1976'),
(51, 218, 'Secondary', '12/17/1935'),
(28, 470, 'Secondary', '12/14/2006'),
(18, 483, 'Primary', '9/3/1922'),
(16, 294, 'Primary', '5/17/1922'),
(19, 493, 'Secondary', '5/10/1945'),
(32, 120, 'Primary', '7/10/1997'),
(18, 266, 'Primary', '4/22/2006'),
(85, 359, 'Primary', '10/11/1984'),
(58, 237, 'Secondary', '7/29/2014'),
(32, 13, 'Secondary', '10/6/1987'),
(59, 90, 'Primary', '2/25/1957'),
(93, 144, 'Primary', '1/28/2003'),
(95, 83, 'Secondary', '7/31/1961'),
(38, 245, 'Secondary', '5/7/1944'),
(61, 399, 'Primary', '2/16/1908'),
(26, 259, 'Secondary', '2/20/1965'),
(43, 120, 'Secondary', '12/12/1916'),
(56, 444, 'Primary', '4/11/1981'),
(14, 431, 'Primary', '6/26/1986'),
(41, 265, 'Secondary', '3/24/2017'),
(1, 103, 'Secondary', '7/21/1914'),
(71, 172, 'Secondary', '4/18/1965'),
(46, 82, 'Primary', '7/23/1967'),
(68, 241, 'Primary', '4/20/1944'),
(21, 144, 'Primary', '5/9/1938'),
(94, 79, 'Secondary', '8/28/2015'),
(22, 231, 'Secondary', '11/20/1953'),
(90, 129, 'Secondary', '1/24/1964'),
(77, 77, 'Primary', '2/29/1980'),
(73, 2, 'Primary', '12/26/1926'),
(71, 101, 'Secondary', '5/3/1905'),
(81, 109, 'Primary', '7/3/2006'),
(76, 235, 'Secondary', '6/29/1969'),
(50, 276, 'Primary', '8/4/2005'),
(15, 24, 'Secondary', '2/25/2023'),
(28, 495, 'Primary', '8/30/1996'),
(10, 177, 'Primary', '4/24/1914'),
(69, 441, 'Primary', '4/24/1924'),
(58, 20, 'Secondary', '5/25/1954'),
(1, 260, 'Secondary', '2/7/1986'),
(43, 172, 'Secondary', '2/2/1927'),
(94, 326, 'Secondary', '12/22/2010'),
(67, 153, 'Secondary', '10/6/2011'),
(75, 308, 'Secondary', '10/26/1988'),
(67, 400, 'Secondary', '4/7/1925'),
(15, 321, 'Secondary', '2/1/2019'),
(61, 495, 'Primary', '10/25/1900'),
(10, 154, 'Secondary', '5/30/2016'),
(2, 294, 'Secondary', '4/21/1921'),
(70, 407, 'Primary', '7/3/1995'),
(53, 45, 'Secondary', '5/24/1925'),
(20, 183, 'Primary', '11/27/1984'),
(25, 4, 'Primary', '12/30/2007'),
(77, 449, 'Secondary', '9/12/1915'),
(95, 399, 'Secondary', '11/15/2022'),
(56, 116, 'Primary', '6/8/1921'),
(95, 95, 'Primary', '2/7/2014'),
(98, 369, 'Primary', '10/6/1905'),
(57, 464, 'Secondary', '11/15/1980'),
(51, 494, 'Secondary', '9/7/2000'),
(48, 410, 'Secondary', '5/1/1930'),
(16, 25, 'Primary', '5/19/1955'),
(33, 366, 'Secondary', '5/3/2001'),
(45, 369, 'Secondary', '7/16/1929'),
(11, 411, 'Secondary', '7/2/1946'),
(15, 176, 'Secondary', '5/31/1975'),
(44, 201, 'Secondary', '7/18/1981'),
(26, 408, 'Primary', '11/17/1900'),
(97, 159, 'Secondary', '9/29/1957'),
(99, 108, 'Primary', '6/6/1962'),
(14, 400, 'Secondary', '8/28/1981'),
(74, 18, 'Secondary', '4/20/1900'),
(18, 335, 'Primary', '4/17/1928'),
(30, 375, 'Secondary', '7/31/1948'),
(97, 425, 'Primary', '2/23/2012'),
(75, 207, 'Secondary', '10/2/1980'),
(91, 56, 'Primary', '6/13/1902'),
(59, 415, 'Secondary', '1/12/1929'),
(6, 289, 'Primary', '9/6/1943'),
(30, 76, 'Secondary', '3/12/1995'),
(48, 170, 'Secondary', '3/2/1916'),
(62, 409, 'Secondary', '9/12/1947'),
(88, 118, 'Primary', '3/19/1935'),
(82, 208, 'Secondary', '7/12/1987'),
(3, 56, 'Secondary', '9/20/1903'),
(79, 330, 'Secondary', '7/1/1918'),
(82, 258, 'Secondary', '4/28/1947'),
(70, 198, 'Secondary', '7/29/1908'),
(90, 7, 'Primary', '4/15/1974'),
(83, 243, 'Primary', '8/7/2003'),
(67, 336, 'Primary', '2/28/1942'),
(20, 33, 'Primary', '9/27/1998'),
(71, 228, 'Secondary', '12/23/1991'),
(3, 218, 'Primary', '12/21/2012'),
(32, 307, 'Secondary', '12/5/1970'),
(59, 373, 'Primary', '11/24/1999'),
(45, 450, 'Primary', '12/25/1916'),
(66, 405, 'Secondary', '10/4/2008'),
(58, 94, 'Primary', '6/2/1995'),
(38, 498, 'Secondary', '7/22/1901'),
(16, 94, 'Secondary', '11/22/1996'),
(18, 203, 'Primary', '7/15/1992'),
(80, 303, 'Secondary', '9/24/2021'),
(75, 103, 'Secondary', '7/12/1938'),
(46, 146, 'Primary', '11/24/1990'),
(63, 129, 'Secondary', '6/5/1928'),
(48, 14, 'Primary', '8/4/2003'),
(35, 280, 'Secondary', '1/15/1927'),
(52, 163, 'Secondary', '8/24/1936'),
(66, 225, 'Primary', '6/4/2008'),
(47, 283, 'Secondary', '6/5/1922'),
(68, 289, 'Primary', '1/15/1906'),
(24, 312, 'Secondary', '6/21/2003'),
(76, 180, 'Secondary', '10/5/1957'),
(54, 104, 'Primary', '1/29/1964'),
(91, 225, 'Secondary', '9/8/1918'),
(89, 408, 'Secondary', '8/1/1986'),
(12, 56, 'Secondary', '9/17/2022'),
(5, 116, 'Primary', '4/20/1918'),
(80, 3, 'Secondary', '7/19/1925'),
(94, 250, 'Secondary', '11/19/1972'),
(67, 189, 'Secondary', '6/6/1990'),
(3, 355, 'Secondary', '1/12/1963'),
(83, 454, 'Primary', '8/12/1986'),
(17, 393, 'Primary', '7/24/1942'),
(39, 331, 'Secondary', '1/31/1991'),
(1, 257, 'Secondary', '10/25/2012'),
(51, 52, 'Secondary', '2/3/1904'),
(13, 51, 'Primary', '3/20/1906'),
(76, 144, 'Secondary', '8/30/1984'),
(29, 366, 'Secondary', '8/9/2005'),
(9, 160, 'Primary', '2/21/1937'),
(100, 96, 'Primary', '8/26/1914'),
(70, 232, 'Primary', '3/6/1918'),
(21, 423, 'Primary', '1/18/1903'),
(74, 466, 'Primary', '8/4/1970'),
(2, 134, 'Secondary', '9/25/2010'),
(92, 413, 'Primary', '11/20/1956'),
(41, 218, 'Secondary', '8/14/1925'),
(84, 471, 'Primary', '3/30/2014'),
(99, 90, 'Primary', '3/2/1905'),
(84, 54, 'Primary', '5/9/1947'),
(84, 488, 'Primary', '10/27/1903'),
(7, 312, 'Primary', '7/1/1950'),
(30, 487, 'Secondary', '6/10/2014'),
(48, 132, 'Secondary', '5/18/1904'),
(74, 94, 'Primary', '4/12/1914'),
(64, 292, 'Primary', '6/5/1955'),
(95, 26, 'Primary', '9/4/1926'),
(67, 150, 'Primary', '7/27/1982'),
(14, 187, 'Secondary', '3/15/2022'),
(92, 292, 'Secondary', '9/25/1941'),
(45, 453, 'Secondary', '11/4/1926'),
(78, 448, 'Primary', '1/7/1909'),
(96, 217, 'Secondary', '5/22/1903'),
(32, 415, 'Primary', '1/11/1989'),
(34, 409, 'Secondary', '3/4/1929'),
(13, 218, 'Secondary', '8/15/1911'),
(76, 129, 'Primary', '11/13/1933'),
(18, 363, 'Primary', '4/3/1912'),
(37, 47, 'Secondary', '5/6/1983'),
(45, 412, 'Secondary', '6/4/1928'),
(36, 252, 'Primary', '7/16/2022'),
(83, 249, 'Primary', '6/5/1996'),
(8, 217, 'Primary', '10/24/1940'),
(43, 365, 'Primary', '11/18/1988'),
(58, 446, 'Secondary', '11/28/1992'),
(45, 49, 'Secondary', '7/29/1902'),
(45, 91, 'Secondary', '8/16/2016'),
(73, 321, 'Secondary', '2/27/1938'),
(87, 287, 'Primary', '4/23/1952'),
(30, 171, 'Secondary', '8/6/1953'),
(90, 137, 'Primary', '9/13/1939'),
(52, 365, 'Secondary', '10/28/1994'),
(35, 325, 'Primary', '6/15/1944'),
(94, 246, 'Primary', '6/8/1986'),
(81, 111, 'Secondary', '9/27/1945'),
(25, 165, 'Primary', '8/21/1917'),
(18, 427, 'Primary', '5/26/1961'),
(54, 289, 'Primary', '7/10/1984'),
(85, 36, 'Primary', '9/5/1909'),
(39, 253, 'Secondary', '6/15/1924'),
(41, 55, 'Primary', '11/16/1957'),
(89, 364, 'Primary', '10/6/2017'),
(7, 240, 'Secondary', '1/14/1920'),
(5, 450, 'Secondary', '12/21/1951'),
(8, 79, 'Secondary', '7/11/1956'),
(68, 361, 'Secondary', '11/3/2005'),
(100, 247, 'Secondary', '8/15/2003'),
(3, 76, 'Secondary', '3/13/1975'),
(16, 244, 'Secondary', '7/7/2002'),
(77, 152, 'Primary', '6/3/2000'),
(50, 43, 'Secondary', '10/2/2001'),
(45, 231, 'Secondary', '11/23/1903'),
(72, 381, 'Secondary', '1/3/1990'),
(40, 465, 'Primary', '10/25/1939'),
(99, 363, 'Primary', '6/12/2014'),
(74, 268, 'Primary', '5/8/1993'),
(21, 15, 'Primary', '5/19/1905'),
(38, 59, 'Secondary', '7/4/2014'),
(50, 14, 'Secondary', '10/18/1982'),
(2, 176, 'Primary', '2/5/1919'),
(22, 264, 'Primary', '9/25/1986'),
(27, 342, 'Secondary', '3/1/2009'),
(73, 386, 'Secondary', '6/17/2018'),
(2, 179, 'Secondary', '8/23/1955'),
(64, 371, 'Secondary', '3/11/1995'),
(44, 468, 'Secondary', '10/9/2021'),
(67, 155, 'Primary', '12/25/1923'),
(26, 431, 'Secondary', '4/20/2017'),
(98, 400, 'Primary', '10/20/2011'),
(97, 201, 'Secondary', '6/2/1953'),
(28, 148, 'Primary', '6/18/2020'),
(26, 215, 'Secondary', '3/12/1977'),
(16, 78, 'Secondary', '10/31/1906'),
(58, 176, 'Primary', '1/11/1957'),
(74, 33, 'Secondary', '11/7/2003'),
(7, 338, 'Primary', '11/11/1913'),
(32, 429, 'Secondary', '11/16/1985'),
(73, 13, 'Secondary', '6/15/1982'),
(87, 190, 'Secondary', '3/21/1982'),
(21, 158, 'Secondary', '1/26/2011'),
(45, 183, 'Secondary', '2/22/1998'),
(35, 455, 'Secondary', '5/31/1999'),
(49, 253, 'Secondary', '11/16/1913'),
(63, 438, 'Secondary', '11/20/2023'),
(64, 385, 'Primary', '7/17/1995'),
(48, 22, 'Secondary', '4/27/1946'),
(68, 474, 'Secondary', '6/17/1993'),
(18, 416, 'Primary', '3/12/1945'),
(77, 209, 'Primary', '3/30/1993'),
(59, 495, 'Secondary', '10/2/1923'),
(49, 403, 'Secondary', '8/22/1943'),
(14, 104, 'Primary', '3/13/1959'),
(11, 303, 'Secondary', '2/10/1974'),
(59, 387, 'Secondary', '6/22/1952'),
(48, 262, 'Primary', '2/19/2001'),
(94, 353, 'Secondary', '12/22/1935'),
(21, 124, 'Secondary', '5/27/1982'),
(79, 251, 'Secondary', '10/13/1942'),
(57, 205, 'Secondary', '9/27/1947'),
(71, 182, 'Secondary', '4/26/1961'),
(50, 337, 'Primary', '11/4/2006'),
(34, 407, 'Secondary', '12/18/1972'),
(90, 448, 'Primary', '5/2/2002'),
(61, 186, 'Secondary', '1/20/2010'),
(94, 377, 'Primary', '6/10/1900'),
(51, 62, 'Primary', '6/22/1923'),
(93, 226, 'Primary', '11/15/1993'),
(35, 4, 'Primary', '3/25/1955'),
(93, 499, 'Primary', '8/10/1994'),
(47, 383, 'Primary', '12/2/1911'),
(63, 258, 'Secondary', '7/6/1961'),
(37, 234, 'Secondary', '1/17/2014'),
(39, 287, 'Secondary', '2/18/1982'),
(74, 142, 'Primary', '7/26/1930'),
(79, 486, 'Primary', '6/2/1907'),
(85, 50, 'Primary', '4/9/1931'),
(21, 21, 'Primary', '11/11/2012'),
(17, 242, 'Secondary', '8/27/2020'),
(86, 408, 'Secondary', '11/16/1924'),
(46, 20, 'Secondary', '12/28/2022'),
(98, 405, 'Secondary', '3/18/1948'),
(62, 381, 'Primary', '1/8/1909'),
(84, 254, 'Secondary', '1/27/1913'),
(68, 294, 'Primary', '5/20/1969'),
(42, 178, 'Primary', '1/14/1940'),
(79, 230, 'Primary', '4/21/1941'),
(61, 85, 'Secondary', '3/9/1991'),
(29, 5, 'Primary', '1/30/1926'),
(51, 380, 'Primary', '12/13/1972'),
(89, 472, 'Primary', '11/10/1986'),
(20, 486, 'Primary', '8/21/2001'),
(60, 10, 'Secondary', '11/30/1987'),
(64, 289, 'Secondary', '2/28/1932'),
(16, 58, 'Primary', '6/26/1938'),
(24, 113, 'Secondary', '1/30/1990'),
(71, 19, 'Primary', '4/9/1929'),
(68, 363, 'Secondary', '5/9/1913'),
(79, 328, 'Secondary', '8/8/1985'),
(74, 171, 'Primary', '12/7/1917'),
(8, 164, 'Secondary', '3/24/2007'),
(60, 311, 'Primary', '8/15/1988'),
(69, 171, 'Primary', '6/3/1993'),
(64, 358, 'Secondary', '1/16/1913'),
(96, 489, 'Primary', '7/10/1990'),
(92, 213, 'Primary', '8/9/1901'),
(36, 200, 'Primary', '5/23/1971'),
(64, 337, 'Secondary', '6/8/2005'),
(58, 11, 'Primary', '11/13/1973'),
(98, 215, 'Primary', '12/23/1998'),
(88, 226, 'Secondary', '4/12/1974'),
(51, 39, 'Secondary', '4/2/1994'),
(98, 65, 'Primary', '12/29/1995'),
(1, 248, 'Secondary', '7/4/1936'),
(52, 472, 'Secondary', '9/19/1947'),
(6, 394, 'Primary', '9/12/1961'),
(97, 371, 'Secondary', '11/9/1990'),
(92, 411, 'Primary', '6/27/1905'),
(92, 137, 'Primary', '6/26/1936'),
(4, 276, 'Secondary', '1/24/1941'),
(55, 406, 'Primary', '1/9/1971'),
(46, 280, 'Primary', '6/25/1913'),
(39, 146, 'Primary', '9/5/1959'),
(57, 157, 'Primary', '3/23/1906'),
(26, 92, 'Secondary', '9/7/2000'),
(98, 430, 'Secondary', '12/22/1983'),
(88, 28, 'Secondary', '9/14/1923'),
(73, 60, 'Secondary', '9/19/1903'),
(22, 223, 'Primary', '12/30/1940'),
(100, 255, 'Secondary', '7/2/2023'),
(15, 118, 'Secondary', '6/28/1925'),
(35, 209, 'Primary', '8/1/2019'),
(12, 323, 'Primary', '5/17/1968'),
(20, 225, 'Primary', '5/5/1999'),
(59, 335, 'Secondary', '12/13/1996'),
(18, 133, 'Secondary', '4/5/2002'),
(48, 112, 'Primary', '5/16/1977'),
(38, 269, 'Primary', '1/17/2016'),
(80, 443, 'Primary', '12/28/1940'),
(86, 326, 'Primary', '7/11/2009'),
(85, 303, 'Secondary', '9/4/1954'),
(87, 98, 'Primary', '7/5/1946'),
(59, 67, 'Secondary', '1/20/1924'),
(62, 154, 'Primary', '7/18/1938'),
(1, 121, 'Secondary', '1/20/2001'),
(58, 138, 'Primary', '4/11/2006'),
(18, 77, 'Primary', '2/22/1973'),
(78, 347, 'Primary', '6/6/1988'),
(46, 268, 'Secondary', '12/11/1982'),
(8, 39, 'Primary', '8/21/1920'),
(99, 232, 'Primary', '3/16/1930'),
(100, 244, 'Primary', '7/24/1914'),
(11, 368, 'Primary', '11/13/1948'),
(43, 457, 'Secondary', '1/22/1978'),
(66, 19, 'Primary', '4/18/1982'),
(56, 63, 'Secondary', '7/8/1949'),
(44, 473, 'Secondary', '3/18/1996'),
(51, 28, 'Secondary', '6/18/1939'),
(83, 84, 'Primary', '11/17/1913'),
(40, 268, 'Primary', '5/10/1979'),
(29, 229, 'Primary', '11/4/1945'),
(21, 428, 'Secondary', '2/8/2003'),
(38, 128, 'Secondary', '1/20/1902'),
(76, 422, 'Primary', '9/13/2005'),
(76, 163, 'Primary', '9/25/1916'),
(66, 415, 'Secondary', '6/8/2023'),
(62, 239, 'Secondary', '7/6/1989'),
(79, 106, 'Secondary', '3/15/1952'),
(66, 228, 'Primary', '11/1/1943'),
(83, 403, 'Primary', '6/28/1992'),
(75, 471, 'Secondary', '7/2/2012'),
(40, 61, 'Secondary', '3/7/1944'),
(42, 126, 'Primary', '11/17/1915'),
(77, 148, 'Secondary', '8/10/1980'),
(85, 26, 'Primary', '4/28/1983'),
(27, 442, 'Secondary', '10/26/1901'),
(61, 210, 'Secondary', '2/10/1971'),
(93, 330, 'Primary', '1/29/1906'),
(4, 292, 'Primary', '12/30/1985'),
(46, 459, 'Secondary', '5/5/1940'),
(68, 360, 'Primary', '9/29/1930'),
(84, 466, 'Primary', '3/6/1958'),
(55, 333, 'Secondary', '12/29/1965'),
(67, 167, 'Secondary', '4/10/1946'),
(10, 93, 'Secondary', '3/13/1970'),
(3, 8, 'Primary', '3/17/1989'),
(60, 444, 'Secondary', '11/16/2015'),
(21, 90, 'Primary', '7/21/1976'),
(29, 435, 'Secondary', '12/21/1916'),
(45, 242, 'Primary', '3/6/1964'),
(27, 311, 'Secondary', '2/12/1946'),
(83, 204, 'Primary', '12/24/1964'),
(89, 258, 'Secondary', '11/30/1957'),
(26, 345, 'Primary', '12/21/1904'),
(71, 73, 'Primary', '10/1/1935'),
(31, 430, 'Primary', '2/22/1952'),
(100, 189, 'Secondary', '10/28/1973'),
(24, 445, 'Secondary', '7/8/1929'),
(66, 241, 'Secondary', '4/21/1975'),
(26, 134, 'Primary', '2/16/1991'),
(8, 433, 'Secondary', '1/16/1995'),
(49, 391, 'Secondary', '10/3/1938'),
(34, 471, 'Primary', '7/12/1981'),
(61, 211, 'Primary', '2/5/1949'),
(76, 6, 'Primary', '11/20/1955'),
(73, 70, 'Secondary', '3/8/1906'),
(59, 454, 'Primary', '12/22/1935'),
(86, 189, 'Secondary', '5/18/1949'),
(35, 217, 'Primary', '10/9/1926'),
(13, 255, 'Secondary', '8/2/1972'),
(51, 452, 'Primary', '6/25/1980'),
(99, 289, 'Primary', '1/2/2003'),
(67, 447, 'Secondary', '1/9/1964'),
(89, 430, 'Primary', '1/16/2019'),
(23, 315, 'Primary', '10/6/1905'),
(72, 348, 'Primary', '5/25/1914'),
(14, 194, 'Secondary', '6/16/1915'),
(71, 4, 'Primary', '4/17/1958'),
(85, 256, 'Secondary', '2/20/2006'),
(16, 400, 'Primary', '6/21/1980'),
(67, 343, 'Primary', '6/14/1916'),
(75, 496, 'Primary', '12/7/1957'),
(1, 74, 'Primary', '2/21/2021'),
(47, 13, 'Secondary', '3/13/1902'),
(10, 292, 'Primary', '3/19/1987'),
(87, 263, 'Primary', '11/26/2004'),
(44, 163, 'Primary', '10/21/1915'),
(9, 319, 'Primary', '3/22/1918'),
(29, 476, 'Secondary', '7/8/1920'),
(86, 96, 'Primary', '6/2/1919'),
(100, 237, 'Secondary', '10/12/1951'),
(62, 39, 'Secondary', '9/11/2012'),
(62, 136, 'Secondary', '10/22/1950'),
(11, 142, 'Secondary', '12/5/1947'),
(65, 260, 'Secondary', '8/11/1972'),
(59, 381, 'Secondary', '10/7/1925'),
(38, 131, 'Secondary', '5/24/1915'),
(30, 111, 'Primary', '5/24/2006'),
(96, 205, 'Primary', '2/23/1989'),
(57, 444, 'Secondary', '1/3/1989'),
(56, 360, 'Primary', '10/2/2021'),
(42, 36, 'Primary', '6/20/1938'),
(47, 490, 'Primary', '4/22/1995'),
(48, 487, 'Secondary', '5/16/2008'),
(8, 189, 'Primary', '12/15/1937'),
(87, 219, 'Primary', '3/11/1957'),
(24, 242, 'Primary', '1/5/1935'),
(33, 76, 'Primary', '12/29/1995'),
(51, 4, 'Secondary', '6/29/1992'),
(14, 233, 'Primary', '2/10/1970'),
(84, 335, 'Secondary', '3/28/1959'),
(7, 159, 'Primary', '1/14/1924'),
(30, 359, 'Primary', '2/12/1937'),
(48, 441, 'Secondary', '1/30/1980'),
(9, 307, 'Primary', '2/8/1933'),
(96, 197, 'Primary', '2/28/1980'),
(25, 357, 'Secondary', '11/14/1926'),
(51, 500, 'Secondary', '12/24/1908'),
(70, 252, 'Secondary', '4/16/2009'),
(38, 350, 'Primary', '12/17/1932'),
(63, 234, 'Secondary', '12/3/2004'),
(72, 208, 'Secondary', '8/4/1994'),
(59, 157, 'Secondary', '2/18/2022'),
(45, 213, 'Secondary', '10/18/1920'),
(50, 156, 'Primary', '3/4/1928'),
(78, 430, 'Secondary', '3/25/1935'),
(55, 213, 'Secondary', '11/10/2007'),
(99, 347, 'Secondary', '11/25/2004'),
(34, 483, 'Secondary', '11/6/1940'),
(37, 205, 'Secondary', '7/21/1970'),
(81, 40, 'Secondary', '2/13/2006'),
(69, 457, 'Secondary', '10/23/1924'),
(71, 187, 'Primary', '10/25/1984'),
(28, 22, 'Primary', '12/19/1965'),
(15, 36, 'Primary', '6/30/2016'),
(68, 175, 'Secondary', '6/16/1922'),
(65, 374, 'Primary', '8/13/1909'),
(95, 5, 'Primary', '5/27/2013'),
(10, 222, 'Secondary', '6/3/1991'),
(48, 134, 'Secondary', '7/12/1949'),
(60, 43, 'Secondary', '12/28/1925'),
(94, 302, 'Primary', '8/28/1991'),
(2, 351, 'Primary', '3/8/1995'),
(8, 329, 'Secondary', '10/18/1941'),
(27, 19, 'Primary', '10/9/1991'),
(79, 495, 'Secondary', '7/13/1963'),
(63, 288, 'Secondary', '4/23/1983'),
(15, 206, 'Primary', '7/19/1928'),
(65, 403, 'Secondary', '2/14/2002'),
(57, 436, 'Secondary', '11/19/1906'),
(76, 373, 'Secondary', '2/19/1958'),
(56, 117, 'Secondary', '7/6/1990'),
(5, 138, 'Primary', '8/8/1914'),
(22, 206, 'Primary', '6/8/1965'),
(18, 492, 'Primary', '3/24/1941'),
(87, 189, 'Primary', '3/1/2022'),
(41, 259, 'Primary', '7/27/1904'),
(8, 252, 'Primary', '3/5/1905'),
(30, 226, 'Primary', '5/20/1977'),
(39, 152, 'Primary', '8/26/1992'),
(65, 158, 'Secondary', '11/10/1914'),
(39, 447, 'Secondary', '8/11/2009'),
(32, 389, 'Secondary', '11/27/1934'),
(100, 314, 'Secondary', '6/4/1905'),
(4, 361, 'Primary', '1/20/2022'),
(26, 114, 'Primary', '12/2/1927'),
(32, 488, 'Primary', '10/20/1932'),
(86, 493, 'Primary', '1/20/1998'),
(2, 384, 'Primary', '9/12/2019'),
(72, 162, 'Primary', '7/3/2008'),
(40, 215, 'Primary', '1/24/2020'),
(22, 406, 'Primary', '3/9/1948'),
(80, 42, 'Secondary', '8/26/1921'),
(57, 375, 'Primary', '8/20/1966'),
(13, 249, 'Primary', '9/17/1926'),
(74, 312, 'Primary', '9/4/1998'),
(51, 464, 'Primary', '5/11/1913'),
(35, 469, 'Primary', '6/18/1949'),
(31, 360, 'Secondary', '5/14/1929'),
(68, 262, 'Secondary', '2/21/1989'),
(85, 246, 'Primary', '10/9/2016'),
(6, 383, 'Primary', '10/30/2017'),
(56, 54, 'Primary', '7/13/1977'),
(10, 395, 'Secondary', '6/19/2006'),
(87, 31, 'Secondary', '3/17/1915'),
(8, 253, 'Primary', '3/23/1904'),
(22, 120, 'Primary', '6/14/1918'),
(44, 415, 'Primary', '3/18/2011'),
(92, 193, 'Secondary', '6/21/1945'),
(99, 300, 'Secondary', '5/14/1971'),
(78, 410, 'Secondary', '3/27/1991')


insert into readers (Id, Name, Surename, Gender, BirthDate) values
(1,'James','Jamie',timestamp '1989/1/1','M'),
(2,'Michael','Jamie',timestamp '1987/1/1','M'),
(3,'Charlotte','Mary',timestamp '1981/1/1','F'),
(4,'Bob','Holmes',timestamp '2001/1/1','O'),
(5, 'Leon', 'Bosche', 'M', '5/10/1994'),
(6, 'Olenka', 'Pridden', 'F', '9/18/1909'),
(7, 'Dame', 'Simister', 'M', '12/4/1900'),
(8, 'Vasilis', 'Weigh', 'M', '12/30/1986'),
(9, 'Wendel', 'Le Leu', 'M', '6/19/1991'),
(10, 'Millie', 'Keneforde', 'F', '3/31/1922'),
(11, 'Concordia', 'Godber', 'F', '7/3/1982'),
(12, 'Everard', 'Jillings', 'M', '11/24/2004'),
(13, 'Lilah', 'Twinborough', 'F', '12/26/1907'),
(14, 'Cherry', 'Hamlyn', 'F', '7/8/2009'),
(15, 'Brok', 'Haugh', 'M', '3/4/2020'),
(16, 'Kamillah', 'Pavey', 'F', '4/3/2014'),
(17, 'Brena', 'Potbury', 'F', '8/6/1960'),
(18, 'Bink', 'Rumin', 'M', '11/28/2000'),
(19, 'Leone', 'Culbard', 'F', '9/15/1973'),
(20, 'Kearney', 'Pollard', 'M', '2/24/1905'),
(21, 'Sherrie', 'Cavie', 'F', '1/5/1962'),
(22, 'Rora', 'Cases', 'F', '2/21/1987'),
(23, 'Lurline', 'Schutte', 'F', '4/1/1950'),
(24, 'Marthena', 'Vassman', 'F', '5/31/1973'),
(25, 'Sidnee', 'Gendrich', 'M', '9/10/1910'),
(26, 'Lorene', 'Newlyn', 'F', '3/10/1981'),
(27, 'Marline', 'De Mattei', 'F', '4/27/1913'),
(28, 'Lamont', 'Flatte', 'M', '2/10/1957'),
(29, 'Creight', 'Oneile', 'M', '4/30/1910'),
(30, 'Karol', 'Tortoishell', 'F', '10/9/1947'),
(31, 'Niko', 'Burtonshaw', 'M', '11/2/1903'),
(32, 'Glen', 'Bernardez', 'F', '2/9/2012'),
(33, 'Ralina', 'Juggings', 'F', '10/8/1980'),
(34, 'Nappy', 'Aloway', 'M', '12/1/1915'),
(35, 'Ailbert', 'Woodbridge', 'M', '2/19/1903'),
(36, 'Ester', 'Moffat', 'F', '9/3/1978'),
(37, 'Una', 'Benzi', 'F', '10/29/2021'),
(38, 'Forbes', 'Yabsley', 'M', '12/22/1954'),
(39, 'Calida', 'Wallicker', 'F', '10/26/1942'),
(40, 'Lynette', 'Salzberg', 'F', '10/13/1973'),
(41, 'Dorisa', 'Sherme', 'F', '2/7/1942'),
(42, 'Calli', 'Wayvill', 'F', '12/21/1927'),
(43, 'John', 'Gossington', 'M', '6/13/1932'),
(44, 'Udall', 'Ivens', 'M', '11/4/1904'),
(45, 'Elbertina', 'Linkin', 'F', '12/24/1999'),
(46, 'Tabor', 'Roxbrough', 'M', '9/20/1985'),
(47, 'Raddie', 'Lafford', 'M', '11/19/2008'),
(48, 'Fairfax', 'Newnham', 'M', '4/28/1962'),
(49, 'Giraldo', 'Wasbrough', 'M', '1/6/1934'),
(50, 'Merwyn', 'Fieldhouse', 'M', '10/14/1981'),
(51, 'Dolly', 'Patrone', 'F', '12/22/1984'),
(52, 'Corbett', 'Kimmitt', 'M', '4/6/1982'),
(53, 'Jeremiah', 'Stenton', 'M', '7/19/1941'),
(54, 'Rebecka', 'Pennycook', 'F', '12/30/1913'),
(55, 'Towny', 'Quirk', 'M', '5/12/2007'),
(56, 'Erl', 'Kleinhaus', 'M', '11/15/1990'),
(57, 'Joann', 'Son', 'F', '10/24/1938'),
(58, 'Harli', 'Corradetti', 'F', '4/23/1941'),
(59, 'Casper', 'Zuppa', 'M', '7/30/1956'),
(60, 'Wilhelmina', 'Diggins', 'F', '2/13/1919'),
(61, 'Emmott', 'Goggin', 'M', '5/4/1965'),
(62, 'Dion', 'Skully', 'F', '6/30/1977'),
(63, 'Anjela', 'Wisniowski', 'F', '4/21/1936'),
(64, 'Norris', 'German', 'M', '6/18/1984'),
(65, 'Latia', 'St. Ledger', 'F', '12/22/1918'),
(66, 'Rozanna', 'Weerdenburg', 'F', '1/21/1984'),
(67, 'Delmor', 'Parcall', 'M', '7/20/1900'),
(68, 'Aundrea', 'Sommerville', 'F', '10/4/1955'),
(69, 'Niki', 'Haddrell', 'F', '8/11/1997'),
(70, 'Isobel', 'Dawkins', 'F', '10/6/1920'),
(71, 'Dyann', 'Petyanin', 'F', '8/28/1966'),
(72, 'Deana', 'Marder', 'F', '8/26/1952'),
(73, 'Vlad', 'Oakenford', 'M', '8/22/1942'),
(74, 'Henriette', 'Papierz', 'F', '9/22/1938'),
(75, 'Rahel', 'Hubbard', 'F', '4/15/1909'),
(76, 'Beatrix', 'Gyves', 'F', '3/21/1926'),
(77, 'Derrik', 'Thames', 'M', '10/8/1907'),
(78, 'Deana', 'Oloshin', 'F', '10/12/1915'),
(79, 'Vaughn', 'Branscombe', 'M', '10/27/1916'),
(80, 'Guenevere', 'Planke', 'F', '10/23/1921'),
(81, 'Alyse', 'Groger', 'F', '4/13/1930'),
(82, 'Ewen', 'Kilmister', 'M', '10/25/1998'),
(83, 'Adolf', 'Larter', 'M', '7/3/1992'),
(84, 'Donnajean', 'Douch', 'F', '12/23/1948'),
(85, 'Loree', 'Macartney', 'F', '1/7/1920'),
(86, 'Sharity', 'Rowat', 'F', '10/5/1941'),
(87, 'Mariam', 'Shorland', 'F', '5/30/1952'),
(88, 'Leonie', 'Hasselby', 'F', '4/19/1914'),
(89, 'Patten', 'Rich', 'M', '5/29/1962'),
(90, 'Maisie', 'Scotcher', 'F', '7/5/1952'),
(91, 'Tina', 'Casaccia', 'F', '6/11/1906'),
(92, 'Naoma', 'Euplate', 'F', '5/17/1951'),
(93, 'Derril', 'Mortell', 'M', '11/18/1951'),
(94, 'Yale', 'McGreal', 'M', '7/28/2001'),
(95, 'Chet', 'Fritschmann', 'M', '9/20/1983'),
(96, 'Lia', 'Hubbert', 'F', '9/8/1934'),
(97, 'Englebert', 'McEvoy', 'M', '2/7/2007'),
(98, 'Jamison', 'Hufton', 'M', '3/3/2013'),
(99, 'Corrinne', 'Penna', 'F', '6/22/1948'),
(100, 'Ansley', 'Ratie', 'F', '4/27/1909')

select * from readerBook
insert into ReaderBook (ReaderId, BookId, BorrowDate, BookReturned) values
(1,1,timestamp '2023/12/1',True),
(1,2,timestamp '2020/12/2',False),
(2,3,timestamp '2023/12/2',False),
(2,2,timestamp '2020/12/1',True),
(4,5,timestamp '2023/12/7',True),
(4,7,timestamp '2023/11/7',True),
(4,8,timestamp '2020/12/1',True),
(1,5,timestamp '2023/12/1',True),
(1,3,timestamp '2020/12/2',True),
(2,4,timestamp '2023/12/2',True),
(2,5,timestamp '2020/12/1',True),
(4,6,timestamp '2023/12/7',True),
(4,2,timestamp '2023/11/7',True),
(4,9,timestamp '2020/12/1',True)

insert into ReaderBook (ReaderId, BookId, BorrowDate, BookReturned) values
(52, 417, '7/27/2011', true),
(36, 44, '4/23/1995', true),
(62, 469, '9/3/1976', false),
(69, 172, '7/29/1980', true),
(97, 431, '3/6/1937', false),
(29, 28, '7/22/1955', true),
(83, 107, '9/26/2023', true),
(59, 7, '3/7/1936', true),
(10, 337, '1/7/2007', true),
(2, 106, '6/19/1978', true),
(20, 64, '7/26/1946', true),
(85, 433, '9/13/1961', true),
(15, 254, '12/28/1904', false),
(97, 397, '6/11/1959', true),
(51, 153, '5/4/1982', false),
(60, 500, '10/28/1991', true),
(87, 484, '6/1/2008', false),
(99, 355, '10/3/1947', true),
(50, 476, '2/25/1976', false),
(17, 333, '7/28/1991', true),
(85, 336, '7/14/1981', true),
(30, 273, '7/23/1970', true),
(31, 70, '4/6/1993', false),
(75, 200, '8/26/1965', true),
(56, 17, '11/17/1933', true),
(65, 424, '12/8/1932', false),
(32, 283, '3/27/1945', true),
(10, 381, '12/13/1900', false),
(53, 384, '10/7/1925', false),
(31, 60, '1/10/1926', false),
(30, 125, '10/16/1984', true),
(27, 287, '5/9/1983', false),
(3, 359, '7/25/1923', false),
(90, 234, '7/18/1933', false),
(32, 474, '12/26/1913', false),
(31, 437, '1/9/1934', false),
(23, 437, '3/26/2003', false),
(97, 127, '9/13/1935', true),
(62, 429, '11/5/1957', false),
(23, 186, '10/13/1921', true),
(84, 117, '2/2/1980', true),
(35, 486, '1/3/1911', false),
(5, 139, '10/21/1939', false),
(68, 255, '2/22/2009', true),
(87, 196, '12/22/1958', false),
(94, 131, '2/29/1924', false),
(49, 280, '9/21/1940', true),
(40, 26, '11/3/1917', false),
(54, 158, '1/23/1952', true),
(91, 256, '3/19/1920', true),
(22, 392, '6/28/1974', true),
(20, 360, '8/26/2004', true),
(39, 277, '6/13/1965', true),
(93, 441, '4/28/1974', true),
(76, 188, '11/28/1942', true),
(37, 398, '11/27/1973', false),
(100, 436, '4/30/1996', true),
(64, 183, '1/8/1984', false),
(56, 422, '7/28/1938', false),
(83, 56, '1/30/1919', true),
(34, 160, '12/22/1938', false),
(19, 193, '5/17/1921', true),
(99, 334, '9/25/1925', false),
(37, 155, '8/20/2017', false),
(38, 402, '12/2/1957', true),
(3, 286, '3/25/1965', true),
(51, 158, '11/24/1938', false),
(32, 319, '4/11/1935', true),
(15, 67, '5/11/1938', false),
(16, 15, '3/11/1916', true),
(24, 148, '11/28/1930', true),
(99, 185, '7/25/1988', false),
(63, 48, '1/3/1972', true),
(43, 212, '2/16/1934', false),
(85, 389, '8/9/1904', true),
(63, 86, '1/25/1984', true),
(17, 185, '7/19/1957', false),
(76, 135, '7/26/2013', false),
(72, 105, '2/7/1998', true),
(91, 122, '12/26/1922', true),
(62, 473, '2/23/1965', false),
(78, 160, '9/27/1970', false),
(9, 120, '10/6/2004', false),
(35, 91, '7/24/1991', false),
(40, 325, '10/31/1954', true),
(84, 368, '12/5/1921', true),
(54, 211, '11/7/1910', true),
(54, 472, '4/20/1995', true),
(19, 84, '3/28/1931', false),
(30, 301, '8/6/1948', true),
(38, 230, '3/15/1908', true),
(80, 73, '8/19/1965', false),
(100, 179, '10/24/1980', false),
(1, 346, '3/4/1927', false),
(24, 331, '1/20/1985', true),
(2, 23, '8/9/1968', true),
(40, 422, '8/6/1903', false),
(84, 95, '10/14/1920', true),
(73, 245, '4/16/1952', false),
(66, 213, '3/13/1970', true),
(98, 497, '12/8/1907', true),
(73, 217, '7/5/1959', false),
(39, 154, '2/17/1975', false),
(71, 61, '2/11/1923', true),
(92, 55, '6/4/1965', false),
(2, 111, '12/24/1930', false),
(21, 319, '8/5/2003', true),
(22, 315, '8/1/1937', true),
(35, 29, '4/8/1984', false),
(48, 387, '2/19/1932', true),
(89, 344, '11/6/2018', false),
(79, 456, '10/30/1986', false),
(34, 339, '8/17/1915', true),
(40, 191, '1/20/2007', false),
(28, 207, '2/9/1938', false),
(3, 291, '7/14/1951', true),
(86, 373, '11/6/2005', true),
(5, 121, '6/19/2005', true),
(11, 54, '9/29/2009', false),
(59, 371, '1/26/1924', true),
(58, 18, '3/10/1916', true),
(83, 97, '8/19/2004', false),
(31, 71, '11/23/2013', true),
(78, 251, '12/22/1926', false),
(42, 172, '2/28/1927', true),
(69, 84, '3/28/1954', false),
(2, 143, '10/6/2007', true),
(86, 176, '10/20/2020', false),
(24, 128, '1/5/1918', false),
(71, 325, '12/29/1962', true),
(38, 174, '8/26/2016', false),
(27, 255, '1/12/1912', false),
(27, 150, '1/14/2003', true),
(48, 322, '7/11/1928', true),
(44, 453, '10/22/2019', false),
(51, 298, '12/29/1957', true),
(44, 15, '9/27/1921', false),
(1, 70, '12/20/1935', false),
(42, 132, '3/28/1964', true),
(62, 352, '12/5/1947', true),
(84, 339, '6/17/1977', true),
(1, 105, '2/18/2019', true),
(70, 252, '8/9/2015', true),
(73, 406, '4/20/1935', false),
(35, 147, '9/16/1978', false),
(57, 187, '7/30/1910', false),
(58, 175, '1/9/1932', true),
(23, 367, '4/24/1923', false),
(61, 257, '9/23/1947', true),
(51, 316, '2/10/1947', true),
(78, 276, '10/12/1908', false),
(13, 200, '1/20/1961', false),
(7, 342, '2/27/1984', false),
(81, 370, '2/8/2014', true),
(52, 433, '9/20/1900', false),
(58, 404, '3/6/1970', true),
(54, 310, '4/29/1925', true),
(62, 377, '8/20/1976', false),
(79, 445, '9/10/1907', false),
(94, 256, '7/1/2003', false),
(72, 237, '10/5/2022', false),
(29, 197, '4/3/2018', true),
(29, 191, '7/15/2008', true),
(80, 453, '12/28/1955', false),
(2, 287, '11/22/2020', true),
(12, 461, '11/4/2003', false),
(18, 163, '1/26/1945', false),
(82, 355, '11/18/2000', false),
(1, 241, '9/1/2022', false),
(63, 299, '4/4/1970', false),
(58, 108, '6/8/1955', false),
(51, 210, '3/7/1975', true),
(10, 250, '8/31/1989', true),
(20, 367, '3/6/2003', false),
(99, 171, '3/21/1914', true),
(95, 251, '4/20/1940', true),
(6, 98, '9/22/1927', false),
(44, 151, '12/16/1902', false),
(78, 67, '3/14/1954', true),
(52, 94, '12/12/1962', false),
(54, 170, '7/9/1921', false),
(44, 189, '4/3/1925', true),
(80, 450, '1/25/1963', true),
(47, 291, '11/2/1922', true),
(90, 116, '12/25/1930', true),
(16, 87, '11/30/1987', true),
(71, 126, '5/2/1934', true),
(1, 476, '4/2/1951', true),
(37, 61, '3/1/1962', true),
(36, 148, '4/26/2021', false),
(60, 4, '1/3/2009', false),
(64, 404, '7/13/1953', true),
(37, 193, '10/4/1993', true),
(13, 268, '5/6/1945', false),
(68, 435, '11/26/2001', true),
(38, 482, '1/21/1990', true),
(63, 168, '9/27/1955', true),
(21, 8, '3/20/1940', false),
(91, 293, '5/9/1948', false),
(29, 428, '3/25/1937', false),
(96, 399, '3/3/1966', true),
(34, 409, '10/3/2004', true),
(5, 105, '7/4/1978', false),
(53, 298, '7/9/1960', true),
(41, 382, '2/19/2012', false),
(14, 103, '12/8/2022', false),
(9, 439, '9/8/1995', false),
(3, 399, '9/21/1966', true),
(81, 324, '1/21/1924', false),
(44, 494, '2/23/2006', true),
(29, 75, '5/12/1927', false),
(61, 224, '11/6/1927', false),
(78, 179, '4/27/1997', true),
(9, 144, '11/17/2001', false),
(61, 489, '6/6/1931', false),
(77, 234, '3/21/1959', false),
(20, 420, '5/15/1993', false),
(26, 245, '4/12/1916', false),
(44, 305, '10/12/1936', true),
(1, 371, '11/18/1965', false),
(12, 188, '7/16/1975', true),
(13, 500, '6/23/1933', false),
(17, 229, '11/17/1995', false),
(36, 264, '6/23/1911', true),
(83, 197, '12/28/2021', true),
(1, 242, '4/18/1996', true),
(44, 324, '9/6/1964', false),
(38, 460, '1/26/1950', true),
(92, 242, '12/26/2011', true),
(64, 307, '6/20/1913', false),
(77, 275, '7/19/1967', false),
(11, 163, '8/9/1925', false),
(78, 461, '9/18/1947', true),
(60, 178, '8/10/2007', false),
(33, 429, '3/28/1962', false),
(91, 368, '12/11/1935', true),
(40, 447, '2/16/2008', false),
(20, 42, '7/25/1907', true),
(10, 306, '1/27/1991', false),
(21, 322, '12/23/1974', true),
(9, 110, '3/21/1913', true),
(58, 86, '9/19/1994', false),
(50, 58, '4/11/1950', true),
(97, 336, '11/9/1966', true),
(27, 461, '2/29/1940', false),
(10, 23, '1/19/1975', false),
(54, 337, '7/7/1954', true),
(74, 432, '8/6/1957', false),
(65, 481, '8/20/1978', true),
(16, 188, '12/5/2008', true),
(17, 432, '8/18/2017', true),
(57, 194, '7/6/2023', false),
(50, 407, '1/16/1913', true),
(41, 132, '2/26/1926', true),
(63, 108, '1/31/1913', true),
(63, 482, '9/28/1935', false),
(27, 416, '10/5/2001', false),
(96, 437, '8/5/1933', true),
(52, 100, '10/25/1952', true),
(28, 54, '1/5/1906', false),
(15, 16, '10/19/1986', false),
(89, 484, '7/5/1988', false),
(40, 428, '11/29/1934', true),
(95, 149, '7/10/1905', false),
(18, 179, '1/12/1992', true),
(1, 425, '9/29/1925', false),
(84, 299, '7/13/1917', false),
(10, 399, '4/17/1960', false),
(54, 241, '9/14/1939', true),
(43, 300, '1/10/1994', true),
(51, 387, '6/28/2006', false),
(98, 291, '11/4/2019', false),
(68, 377, '10/19/1985', false),
(58, 209, '9/3/1970', false),
(52, 331, '4/12/1987', false),
(33, 419, '10/10/1973', true),
(45, 368, '4/21/2007', false),
(95, 108, '5/22/1903', true),
(35, 20, '8/26/1991', true),
(34, 119, '9/24/1933', true),
(64, 154, '3/21/1984', false),
(68, 500, '1/27/1954', true),
(42, 335, '8/5/1920', false),
(99, 163, '4/3/1988', true),
(92, 309, '4/26/2013', false),
(44, 113, '10/29/1922', true),
(47, 369, '11/5/1925', false),
(86, 349, '10/22/1927', true),
(46, 487, '5/6/1970', true),
(85, 420, '4/28/2011', false),
(90, 138, '7/3/1914', true),
(16, 153, '3/9/1932', true),
(90, 35, '6/6/1919', false),
(23, 179, '9/30/1964', false),
(48, 112, '10/28/2003', false),
(76, 446, '3/8/1955', false),
(11, 6, '1/3/1922', true),
(88, 49, '7/27/1918', false),
(94, 204, '3/26/1933', false),
(98, 265, '12/27/1907', false),
(17, 399, '1/11/1904', false),
(69, 258, '9/30/1910', true),
(97, 101, '12/25/1977', true),
(91, 127, '8/15/1906', false),
(68, 383, '12/15/1930', false),
(82, 142, '2/2/1922', true),
(65, 18, '6/21/1963', true),
(54, 65, '5/11/1988', false),
(24, 391, '8/7/1966', true),
(90, 382, '2/17/1986', true),
(16, 147, '10/2/1991', false),
(20, 271, '3/22/1981', false),
(7, 307, '6/5/1949', true),
(95, 204, '8/26/1990', true),
(55, 224, '9/13/1971', false),
(98, 124, '3/12/1995', true),
(92, 393, '8/12/1919', false),
(72, 439, '6/14/2006', false),
(76, 417, '1/5/1976', false),
(89, 468, '12/15/2020', true),
(72, 181, '10/21/1947', true),
(21, 285, '12/23/2001', false),
(80, 342, '7/1/2010', true),
(99, 405, '1/13/2016', true),
(50, 190, '8/13/2007', true),
(18, 342, '6/10/2001', false),
(70, 283, '12/11/1989', false),
(18, 409, '6/2/1998', true),
(83, 411, '8/28/1999', true),
(42, 41, '2/19/1988', false),
(96, 61, '3/8/1952', false),
(62, 261, '3/6/1923', false),
(89, 88, '9/11/1937', true),
(87, 207, '12/13/1992', true),
(30, 67, '2/1/2001', false),
(68, 88, '12/26/1980', true),
(28, 355, '1/28/2019', false),
(71, 432, '1/28/2019', false),
(28, 320, '8/13/2017', false),
(41, 3, '6/19/1954', false),
(17, 323, '11/9/2020', true),
(6, 130, '10/20/1916', false),
(39, 371, '12/21/1937', false),
(37, 236, '9/17/1969', true),
(42, 315, '1/4/1909', false),
(94, 241, '7/15/1954', true),
(14, 350, '6/17/1990', false),
(50, 59, '7/20/1926', false),
(77, 112, '3/28/1957', false),
(86, 3, '4/23/1976', true),
(62, 176, '1/22/2002', false),
(12, 285, '12/19/1986', false),
(96, 494, '3/6/1961', false),
(40, 290, '11/15/1973', false),
(12, 321, '7/30/1935', true),
(77, 7, '10/31/1995', false),
(83, 479, '3/16/1999', true),
(54, 179, '10/30/1931', false),
(18, 430, '7/30/1916', false),
(41, 257, '1/24/2021', false),
(53, 220, '10/13/1971', false),
(15, 410, '3/20/1950', false),
(98, 259, '8/22/1949', false),
(83, 280, '3/24/1936', true),
(15, 331, '8/16/1998', true),
(19, 92, '2/6/1917', true),
(5, 100, '2/13/1940', true),
(72, 418, '9/23/1921', true),
(50, 301, '3/4/2019', true),
(3, 375, '11/5/1945', false),
(47, 357, '9/7/2021', false),
(46, 155, '5/11/1907', false),
(91, 86, '1/18/2012', true),
(71, 78, '10/4/1948', false),
(37, 197, '4/15/1963', false),
(100, 329, '1/21/1908', false),
(28, 329, '6/5/1972', false),
(82, 366, '1/10/1943', false),
(43, 337, '3/24/1924', true),
(89, 312, '12/8/2022', false),
(13, 280, '2/11/1900', true),
(5, 69, '2/21/1920', true),
(93, 419, '10/23/1947', true),
(74, 89, '9/26/1909', true),
(53, 103, '5/30/2013', true),
(93, 355, '4/17/1943', true),
(25, 210, '11/11/1997', true),
(98, 345, '3/25/1988', true),
(30, 447, '6/6/1923', true),
(60, 215, '6/26/1901', false),
(10, 395, '7/15/1925', true),
(45, 231, '6/14/1977', false),
(36, 377, '6/17/1973', true),
(43, 263, '2/9/1902', false),
(92, 115, '9/25/1915', false),
(30, 213, '1/20/1914', false),
(97, 467, '6/13/1915', false),
(36, 106, '3/2/1931', true),
(38, 426, '12/1/1904', true),
(64, 419, '9/26/2014', false),
(13, 310, '8/10/1908', false),
(89, 265, '9/9/1928', true),
(50, 233, '8/28/1906', true),
(86, 22, '6/22/1962', false),
(31, 26, '8/21/1933', false),
(41, 106, '8/30/1920', false),
(44, 368, '2/14/1937', true),
(33, 49, '2/8/1936', true),
(53, 264, '1/9/1993', false),
(43, 225, '6/30/1927', false),
(93, 312, '11/10/1998', false),
(45, 51, '5/2/1960', true),
(20, 477, '6/4/1965', true),
(61, 58, '10/11/2016', false),
(25, 480, '10/3/1988', false),
(68, 160, '8/7/1987', true),
(77, 420, '4/18/1958', true),
(59, 178, '5/22/1912', false),
(98, 378, '5/2/1917', false),
(94, 264, '5/13/1941', false),
(1, 96, '4/25/2014', true),
(31, 14, '1/3/1979', false),
(44, 290, '1/13/1903', true),
(28, 292, '2/8/1954', false),
(62, 357, '11/29/1939', false),
(79, 202, '8/18/1955', true),
(75, 117, '6/19/2023', true),
(45, 106, '8/26/1922', false),
(79, 309, '3/5/1975', true),
(23, 105, '11/1/2009', true),
(90, 72, '1/1/1925', false),
(73, 411, '1/20/1958', false),
(12, 499, '1/10/1907', false),
(53, 120, '12/4/1913', false),
(59, 363, '7/10/1905', false),
(66, 367, '6/10/1933', true),
(50, 340, '7/20/1918', true),
(32, 383, '11/9/1966', false),
(52, 282, '8/9/1925', false),
(16, 467, '5/22/1955', true),
(34, 378, '9/12/1900', false),
(4, 281, '6/17/2008', false),
(5, 168, '11/24/1995', false),
(59, 103, '11/29/2005', true),
(2, 64, '11/16/1981', false),
(73, 232, '9/28/1968', true),
(78, 5, '7/29/1990', false),
(51, 103, '2/22/1988', false),
(86, 366, '1/1/1985', false),
(14, 161, '11/25/1916', true),
(25, 55, '1/21/1965', false),
(7, 287, '12/3/1999', false),
(13, 410, '3/1/1929', true),
(88, 348, '7/5/1997', false),
(85, 199, '10/15/1952', true),
(17, 225, '1/17/1944', false),
(68, 397, '8/13/1991', true),
(97, 276, '6/22/1906', false),
(39, 331, '6/25/1910', false),
(2, 205, '2/3/1995', false),
(78, 232, '12/9/1973', false),
(15, 97, '12/4/1949', true),
(18, 65, '10/14/1953', false),
(62, 294, '12/26/1942', true),
(6, 156, '8/14/2014', false),
(63, 425, '10/3/1969', false),
(72, 122, '2/27/1959', true),
(94, 79, '7/19/1915', true),
(56, 370, '4/3/1937', false),
(86, 385, '12/17/1982', false),
(29, 49, '1/30/1996', true),
(43, 164, '6/15/1948', true),
(51, 469, '10/17/1936', false),
(76, 36, '10/17/1987', false),
(87, 31, '5/1/1912', false),
(82, 371, '6/5/1975', false),
(40, 368, '11/6/1973', true),
(51, 171, '3/2/2015', true),
(37, 441, '5/23/1974', false),
(92, 222, '2/11/1992', false),
(90, 256, '2/3/2001', false),
(23, 418, '5/4/1924', true),
(34, 411, '8/30/1937', false),
(8, 220, '11/10/1907', false),
(33, 7, '6/30/1960', true),
(78, 95, '8/24/1902', true),
(49, 32, '10/2/1968', true),
(16, 470, '3/4/1960', true),
(89, 483, '10/2/2011', false),
(77, 359, '6/23/1962', true),
(99, 62, '5/20/1901', false),
(3, 127, '8/7/1930', false),
(99, 299, '7/9/2019', true),
(100, 336, '1/19/1933', true),
(11, 286, '5/12/1992', false),
(67, 395, '9/17/1904', false),
(47, 258, '4/19/2021', false),
(7, 232, '3/25/1939', true),
(31, 394, '8/14/1953', false),
(73, 382, '5/10/1902', true),
(4, 62, '5/27/1938', true),
(86, 302, '4/3/1944', false),
(34, 48, '9/8/1935', false),
(84, 177, '11/22/1944', true),
(34, 168, '12/24/1909', true),
(17, 343, '8/7/2014', false),
(96, 258, '8/31/1962', false),
(65, 262, '3/13/1919', true),
(90, 472, '12/5/1949', true),
(63, 267, '11/5/2018', true),
(100, 183, '11/8/1987', false),
(12, 277, '3/22/1957', true),
(72, 33, '5/22/2018', false),
(53, 425, '2/2/1971', false),
(11, 172, '9/4/1904', false),
(10, 471, '10/14/1905', true),
(90, 369, '11/15/2021', false),
(48, 412, '9/26/1959', true),
(100, 277, '4/19/1907', true),
(90, 93, '5/12/2016', true),
(69, 343, '11/11/1945', true),
(17, 327, '6/9/1942', true),
(76, 136, '5/14/2001', false),
(24, 142, '11/12/1969', false),
(49, 104, '6/23/1971', false),
(17, 465, '1/25/1960', true),
(73, 395, '4/12/1981', true),
(46, 272, '7/23/1920', true),
(19, 133, '6/4/1927', true),
(30, 199, '8/11/1984', true),
(95, 451, '10/4/1968', true),
(6, 307, '7/25/1977', true),
(10, 328, '3/17/1955', true),
(66, 306, '8/1/1960', true),
(46, 429, '7/19/1942', false),
(96, 248, '9/16/1931', false),
(34, 274, '6/12/1940', true),
(100, 257, '2/20/1978', true),
(57, 412, '3/30/1980', true),
(48, 485, '2/8/1963', false),
(93, 401, '11/14/1971', true),
(70, 256, '9/20/1901', false),
(57, 138, '7/11/1973', false),
(21, 97, '10/12/1997', false),
(51, 306, '7/9/1990', true),
(41, 438, '10/6/1971', true),
	(26, 307, '2/8/1998', false),
(56, 438, '11/26/2015', false),
(74, 157, '4/14/1959', true),
(61, 262, '7/21/1904', true),
(39, 13, '10/1/2013', false),
(31, 292, '10/7/1902', false),
(40, 379, '3/16/1992', true),
(28, 300, '1/26/1969', true),
(26, 187, '8/15/2023', false),
(1, 233, '5/20/2000', true),
(10, 253, '9/6/2007', false),
(89, 479, '11/1/1915', false),
(12, 402, '3/29/2000', true),
(93, 184, '8/29/1930', false),
(87, 223, '2/21/1901', false),
(43, 106, '11/6/1911', true),
(99, 107, '10/24/1981', false),
(32, 271, '11/20/1986', true),
(100, 210, '9/25/1958', true),
(65, 369, '2/18/2008', false),
(52, 252, '9/18/1944', false),
(36, 488, '3/19/1925', true),
(37, 91, '5/19/1988', false),
(25, 367, '5/28/1923', false),
(1, 155, '7/18/2011', true),
(22, 377, '5/28/1952', true),
(33, 120, '6/23/1938', false),
(5, 461, '9/30/1994', false),
(71, 14, '10/14/1937', true),
(26, 430, '5/25/2002', true),
(50, 193, '3/14/1945', false),
(88, 282, '3/19/2022', true),
(4, 271, '12/1/1943', true),
(32, 225, '1/7/1938', true),
(42, 341, '11/27/1948', false),
(99, 389, '7/3/1978', false),
(38, 46, '11/27/2013', false),
(72, 485, '1/15/2008', false),
(40, 65, '5/22/1931', false),
(19, 103, '2/28/1983', true),
(54, 129, '8/1/1984', false),
(37, 354, '5/6/1906', true),
(76, 278, '4/1/1924', true),
(78, 211, '2/16/1982', true),
(100, 107, '12/31/2018', true),
(91, 325, '10/31/1906', false),
(54, 153, '1/31/1941', true),
(100, 280, '8/24/1944', true),
(8, 301, '9/26/1983', false),
(97, 494, '1/9/1948', true),
(67, 244, '8/31/1972', true),
(14, 352, '6/10/1964', false),
(42, 461, '5/28/1972', false),
(94, 419, '6/24/1907', true),
(96, 54, '8/8/2013', true),
(14, 233, '7/9/1907', true),
(30, 376, '12/8/1960', false),
(28, 343, '12/1/1986', true),
(93, 263, '7/29/2012', true),
(89, 360, '1/22/1949', true),
(96, 196, '5/19/1904', false),
(54, 332, '10/11/1996', true),
(46, 164, '1/6/1922', false),
(50, 28, '10/3/2004', true),
(68, 263, '10/30/1979', true),
(76, 441, '1/24/2020', true),
(9, 348, '11/23/2006', false),
(60, 26, '3/19/1937', false),
(51, 417, '3/27/1913', true),
(13, 321, '11/1/1907', false),
(92, 38, '1/10/1989', false),
(16, 136, '9/14/1966', true),
(44, 106, '8/31/1913', false),
(85, 249, '11/19/1966', false),
(23, 194, '11/2/2002', true),
(6, 236, '6/4/1955', true),
(52, 355, '10/7/2022', false),
(17, 350, '12/5/1932', true),
(61, 7, '9/7/1958', true),
(47, 498, '10/3/1974', false),
(64, 43, '4/19/2003', true),
(100, 392, '1/27/1986', false),
(70, 22, '8/17/1947', false),
(12, 233, '5/30/1999', true),
(9, 328, '4/23/1964', false),
(70, 2, '7/30/1997', false),
(8, 411, '8/3/1951', false),
(74, 91, '3/24/2018', true),
(25, 259, '9/4/1916', false),
(95, 312, '1/11/1948', false),
(59, 193, '10/25/2003', true),
(64, 316, '4/27/1905', true),
(29, 489, '5/18/2006', true),
(85, 330, '6/27/1966', true),
(80, 119, '12/17/1949', true),
(12, 435, '8/26/1916', true),
(73, 163, '8/18/1918', true),
(67, 278, '10/3/1952', false),
(67, 54, '6/26/1914', true),
(90, 208, '9/8/1967', false),
(56, 276, '3/27/1948', true),
(43, 65, '6/1/1972', false),
(72, 441, '1/3/1916', false),
(55, 444, '3/30/1977', false),
(60, 314, '7/29/1998', true),
(71, 338, '5/15/1971', false),
(70, 481, '5/28/1909', true),
(83, 418, '2/4/1920', false),
(6, 359, '2/25/2010', false),
(77, 230, '10/9/1967', true),
(53, 137, '6/19/1951', true),
(9, 399, '10/12/1924', true),
(95, 87, '11/6/1985', true),
(89, 352, '10/14/2020', true),
(45, 125, '10/8/1925', false),
(50, 288, '8/17/1958', false),
(21, 432, '8/5/1976', false),
(31, 335, '3/13/1918', false),
(55, 299, '8/14/1976', false),
(8, 92, '6/6/2018', true),
(80, 310, '4/9/1952', true),
(4, 31, '1/30/1917', true),
(26, 311, '10/2/1967', false),
(70, 8, '8/12/1988', false),
(27, 320, '5/25/1905', false),
(67, 246, '4/29/1971', false),
(92, 177, '11/8/1900', false),
(44, 135, '5/5/1909', false),
(43, 197, '4/17/1989', false),
(68, 246, '11/25/1974', true),
(19, 10, '7/14/1973', true),
(96, 409, '11/26/1976', true),
(40, 215, '9/6/1905', false),
(92, 308, '1/18/1994', true),
(59, 59, '7/11/1977', false),
(31, 190, '1/4/1922', true),
(82, 280, '9/21/1974', true),
(8, 479, '2/19/1947', true),
(40, 277, '4/7/1944', true),
(25, 81, '6/8/1901', true),
(75, 53, '4/2/2007', true),
(10, 288, '12/25/1954', false),
(60, 235, '3/5/2003', true),
(55, 292, '10/31/2000', true),
(77, 99, '9/21/1994', false),
(82, 214, '5/31/1922', false),
(1, 138, '3/25/1901', false),
(47, 474, '3/2/1908', true),
(72, 7, '1/4/1944', true),
(99, 36, '3/28/1935', true),
(43, 186, '2/9/2020', false),
(94, 54, '1/18/2017', false),
(93, 446, '8/14/1937', true),
(73, 7, '5/12/2017', false),
(12, 210, '6/18/1930', false),
(19, 72, '7/20/1994', true),
(34, 164, '4/19/1936', true),
(63, 209, '10/14/1971', false),
(34, 95, '5/7/1985', false),
(13, 13, '6/22/2004', false),
(15, 424, '1/30/1941', false),
(65, 117, '11/3/2004', false),
(89, 43, '7/17/1974', false),
(43, 436, '11/15/1977', false),
(21, 409, '2/16/1906', true),
(27, 278, '11/2/1988', false),
(12, 364, '7/30/2000', true),
(4, 343, '6/25/2021', true),
(95, 316, '10/17/1964', false),
(95, 9, '2/6/2018', false),
(83, 4, '10/15/2010', true),
(7, 161, '7/27/1902', false),
(69, 354, '2/4/1951', false),
(76, 354, '6/9/1965', true),
(90, 30, '1/1/1975', true),
(71, 64, '2/4/1921', true),
(12, 352, '5/30/1994', false),
(68, 259, '12/26/2018', false),
(47, 90, '12/31/1938', false),
(27, 138, '5/30/1970', true),
(40, 408, '6/10/1908', true),
(74, 309, '10/12/2009', false),
(74, 375, '7/5/2007', false),
(47, 246, '3/3/1947', false),
(20, 205, '6/7/2003', true),
(81, 292, '7/21/1920', false),
(78, 340, '1/11/1994', false),
(68, 3, '1/3/1988', true),
(52, 87, '11/11/1960', true),
(33, 496, '3/10/1998', true),
(20, 264, '3/14/1903', false),
(80, 427, '7/11/2001', false),
(25, 245, '4/26/1979', true),
(70, 290, '1/13/2020', true),
(47, 4, '4/24/1977', true),
(81, 295, '4/25/2001', false),
(3, 3, '9/25/1989', false),
(31, 50, '10/23/2021', false),
(98, 122, '8/27/1920', false),
(20, 157, '10/28/1930', true),
(75, 222, '7/14/1965', true),
(47, 263, '4/13/1921', false),
(55, 338, '5/20/1972', true),
(95, 94, '3/1/1928', true),
(50, 410, '1/5/1949', false),
(51, 211, '3/3/1931', false),
(10, 93, '5/17/2011', true),
(74, 399, '6/18/1913', true),
(49, 259, '3/6/1933', true),
(80, 262, '11/5/1931', true),
(47, 131, '2/5/1986', false),
(40, 107, '12/20/2019', true),
(42, 312, '10/4/1902', true),
(77, 457, '2/19/1905', true),
(43, 302, '6/17/1930', false),
(13, 159, '8/24/1949', false),
(30, 338, '9/29/1900', false),
(13, 29, '2/25/1933', true),
(66, 156, '3/4/1910', false),
(83, 11, '11/19/1985', true),
(71, 12, '7/22/1981', false),
(49, 463, '12/19/1929', true),
(42, 486, '5/17/1934', true),
(72, 449, '2/28/1953', true),
(3, 181, '6/7/2014', true),
(69, 169, '8/16/2017', false),
(43, 167, '9/22/1926', true),
(96, 426, '1/1/1918', true),
(20, 48, '5/29/1942', true),
(78, 271, '1/16/1913', true),
(58, 377, '11/9/1991', true),
(31, 252, '12/1/2000', true),
(25, 144, '12/7/1906', true),
(42, 154, '4/20/1984', false),
(100, 236, '8/7/2018', true),
(85, 402, '3/14/1929', true),
(95, 494, '1/4/1960', false),
(7, 148, '4/17/1910', false),
(87, 361, '2/21/1943', false),
(42, 442, '11/11/1952', true),
(98, 37, '5/10/1924', false),
(87, 199, '10/15/1925', false),
(12, 73, '12/31/1981', true),
(30, 146, '8/10/1929', false),
(17, 11, '9/26/2009', false),
(8, 145, '7/17/1912', true),
(99, 277, '9/26/1954', false),
(10, 120, '8/8/1983', false),
(40, 390, '3/6/1909', true),
(37, 250, '2/28/1928', false),
(63, 138, '1/27/1914', true),
(29, 477, '7/25/1909', true),
(41, 293, '3/6/1945', false),
(61, 144, '1/23/1901', true),
(76, 413, '5/29/1929', true),
(14, 449, '2/8/1911', false),
(48, 436, '3/20/1971', true),
(59, 464, '5/15/1933', false),
(7, 22, '5/2/1942', true),
(69, 205, '10/23/1993', true),
(65, 199, '2/5/1966', false),
(97, 26, '4/26/1943', false),
(19, 189, '12/14/1947', false),
(12, 347, '1/20/1917', true),
(23, 412, '11/16/1988', false),
(11, 394, '12/11/1968', true),
(91, 33, '4/7/1952', true),
(87, 219, '11/1/1933', false),
(12, 366, '5/10/2016', false),
(81, 238, '10/2/2006', true),
(5, 120, '10/21/2003', false),
(33, 140, '7/4/2015', false),
(98, 284, '2/23/2023', false),
(41, 182, '1/21/2019', true),
(29, 241, '3/29/1982', false),
(39, 324, '2/18/1905', true),
(62, 374, '8/19/2004', false),
(77, 395, '5/14/1904', false),
(53, 360, '1/4/1908', true),
(88, 394, '1/21/1953', false),
(12, 290, '1/4/1926', true),
(85, 349, '6/11/1950', true),
(3, 464, '3/18/2021', false),
(70, 38, '5/18/1929', true),
(70, 102, '11/11/1983', true),
(16, 21, '12/1/1967', false),
(93, 18, '10/14/1979', false),
(54, 447, '10/21/2019', false),
(61, 375, '11/17/1937', false),
(43, 317, '7/25/2023', true),
(34, 82, '1/15/1906', true),
(3, 105, '12/5/1908', true),
(67, 14, '7/28/1945', true),
(22, 425, '5/14/1955', false),
(95, 216, '3/19/1937', false),
(54, 430, '5/1/1982', true),
(42, 89, '8/29/1993', false),
(32, 328, '10/31/1906', true),
(6, 80, '3/18/2011', false),
(100, 27, '5/5/1946', false),
(14, 290, '5/16/1935', false),
(7, 464, '1/25/2015', false),
(62, 61, '10/13/1971', true),
(95, 479, '5/1/1968', false),
(53, 390, '12/26/1968', true),
(59, 104, '6/10/1901', false),
(11, 456, '6/9/1916', true),
(33, 474, '6/27/1931', false),
(59, 121, '6/6/1968', false),
(5, 234, '4/17/1979', true),
(56, 230, '4/30/1978', false),
(71, 183, '1/24/1996', true),
(90, 9, '10/3/1995', true),
(71, 196, '4/30/2015', true),
(80, 45, '1/7/1946', true),
(26, 302, '3/11/1900', true),
(92, 155, '6/22/2003', true),
(52, 470, '10/5/1974', true),
(78, 89, '7/2/2013', true),
(25, 498, '3/25/2019', false),
(18, 255, '1/12/2000', true),
(82, 389, '2/2/1990', false),
(27, 259, '7/7/2007', true),
(86, 190, '12/23/1983', true),
(56, 2, '5/11/2012', false),
(59, 332, '10/26/1962', true),
(97, 467, '2/13/1983', true),
(42, 332, '3/21/2003', true),
(25, 442, '1/20/1951', false),
(39, 178, '2/11/1937', true),
(48, 196, '7/18/1947', true),
(35, 184, '5/2/1946', false),
(80, 119, '10/25/1914', true),
(65, 30, '8/26/1955', true),
(43, 347, '7/11/1944', false),
(67, 25, '5/26/1987', false),
(40, 186, '10/3/2023', true),
(61, 216, '4/25/1903', false),
(86, 178, '8/21/2012', false),
(56, 85, '3/29/1915', true),
(57, 195, '1/1/1916', false),
(58, 207, '7/4/1980', true),
(28, 51, '1/12/1991', false),
(31, 463, '6/7/1930', false),
(51, 307, '1/23/1901', true),
(96, 152, '2/16/1980', false),
(80, 468, '3/19/1927', true),
(75, 334, '12/23/1910', true),
(54, 170, '6/17/1978', false),
(23, 394, '12/1/1953', false),
(17, 13, '5/29/1955', false),
(31, 70, '6/27/1915', true),
(46, 355, '2/11/1994', true),
(1, 114, '6/22/1995', true),
(35, 174, '9/12/2010', false),
(100, 139, '11/15/1905', false),
(20, 162, '1/2/1910', true),
(85, 99, '12/10/1944', false),
(6, 100, '10/22/2016', true),
(47, 344, '7/20/1954', false),
(63, 448, '12/23/1956', false),
(67, 305, '10/19/1936', true),
(5, 358, '3/21/1994', false),
(95, 407, '6/7/1947', true),
(12, 233, '7/25/1980', false),
(76, 396, '6/10/2005', false),
(85, 232, '6/9/2003', true),
(84, 3, '12/20/2008', true),
(33, 74, '3/10/1941', true),
(71, 232, '8/23/1997', false),
(4, 30, '9/27/2005', false),
(43, 402, '6/20/1982', false),
(24, 383, '6/14/1974', false),
(57, 375, '4/6/1991', true),
(64, 10, '6/6/2004', false),
(94, 110, '7/31/1995', false),
(75, 5, '4/3/1979', true),
(77, 175, '6/15/2000', false),
(30, 365, '11/29/1904', false),
(57, 436, '12/9/2014', true),
(30, 313, '10/12/1908', false),
(85, 136, '3/3/1949', true),
(21, 372, '9/16/1919', false),
(93, 305, '11/4/1987', false),
(45, 201, '1/16/1959', false),
(12, 150, '6/20/1996', true),
(78, 426, '11/12/1937', false),
(89, 22, '2/21/2011', false),
(27, 116, '8/24/1912', true),
(44, 428, '9/3/1957', true),
(17, 271, '8/17/1914', false),
(12, 432, '4/26/1903', false),
(42, 72, '6/28/2011', false),
(87, 48, '9/3/1952', false),
(71, 243, '9/23/1981', false),
(57, 223, '3/10/1901', true),
(23, 287, '10/15/1901', false),
(86, 340, '11/20/1945', true),
(35, 105, '1/8/1962', true),
(72, 422, '5/5/1960', false),
(7, 310, '6/9/1928', true),
(44, 359, '3/15/1903', true),
(60, 261, '4/1/2005', false),
(68, 387, '11/20/1925', true),
(28, 493, '6/9/2019', true),
(61, 20, '8/19/2000', true),
(92, 433, '10/10/1956', true),
(21, 92, '3/13/2017', true),
(59, 291, '12/4/1957', false),
(3, 315, '9/20/2008', false),
(11, 205, '1/29/2019', false),
(98, 320, '3/30/1933', false),
(79, 153, '11/7/1975', true),
(14, 229, '9/26/1939', false),
(67, 257, '8/3/2007', false),
(90, 291, '12/10/1906', true),
(84, 367, '10/6/1964', true),
(65, 465, '10/24/1958', true),
(88, 206, '8/29/1974', true),
(92, 18, '3/15/1994', true),
(94, 441, '3/26/1928', false),
(96, 79, '3/11/1979', false),
(97, 482, '9/6/2011', false),
(59, 472, '8/12/1946', false),
(74, 187, '10/1/1941', false),
(50, 481, '12/21/1965', true),
(39, 48, '5/27/1905', false),
(64, 461, '11/10/2022', false),
(46, 212, '7/19/1917', false),
(71, 221, '12/31/1948', true),
(90, 215, '7/22/2009', false),
(84, 245, '3/16/1987', true),
(40, 312, '1/14/2004', true),
(4, 322, '6/27/1908', true),
(23, 155, '8/4/1906', true),
(90, 427, '9/24/1991', true),
(8, 84, '6/20/1947', false),
(59, 424, '9/24/1947', false),
(86, 289, '2/1/1932', true),
(29, 478, '11/22/2010', true),
(31, 160, '7/29/1962', false),
(77, 96, '7/13/1972', true),
(92, 383, '8/16/1987', false),
(9, 255, '7/1/1913', false),
(29, 118, '5/6/2019', true),
(8, 3, '9/5/1940', true),
(16, 472, '10/1/2003', false),
(40, 78, '5/26/2018', true)
On CONFLICT(ReaderId, BookId) DO NOTHING;








